text,label
"OlÃ¡, muito prazer! Sou o seu assistente virtual e meu papel Ã© te ajudar a vender mais, juntar uma grana e crescer. VocÃª jÃ¡ Ã© meu cliente? ğŸ˜Š",chatbot
"Fechado, vamos fazer assim. VocÃª passa os dados, jÃ¡ deixo dei cadastro pronto, ai no dia 25 eu entro em contato com vocÃª e lhe envio o boleto. Pode ser?",chatbot
"Pra adiantar, vou precisar que vocÃª me fale qual Ã© o seu e-mail!",chatbot
"Humm eu nÃ£o entendi, desculpa.

Digite 1 para falar com um consultor

Digite 2 para fazer sua inscriÃ§Ã£o",chatbot
Pera sÃ³ um instante que vou checar aqui se encontro algum pedido seu em aberto.,chatbot
"VocÃª tem algum desses problemas de saÃºde?

1. Diabetes
2. PressÃ£o alta
3. Problemas nos rins
4. Problemas respiratÃ³rios
5. Problemas cardÃ­acos
6. DeficiÃªncias imunolÃ³gicas: portador de HIV, em tratamento para algum cÃ¢ncer, portador de doenÃ§as autoimunes (como lÃºpus, sÃ­ndrome antifosfolÃ­pide, ...), realizou transplante ou usa corticoide

Pode digitar os nÃºmeros ou os problemas separados por vÃ­rgula (exemplo: Tosse, dor de cabeÃ§a e mal estar) ou digite *NÃƒO* se nÃ£o estiver.",chatbot
Infelizmente eu nÃ£o consegui te entender. VocÃª gostaria de falar com uma atendente?,chatbot
Qual o seu primeiro nome?,chatbot
VocÃª nÃ£o possui nenhum pedido em aberto!,chatbot
"VocÃª estÃ¡ com algum dos sintomas abaixo?

1. Febre
2. Tosse
3. Nariz escorrendo
4. Dor de cabeÃ§a
5. Dor de garganta
6. Dores pelo corpo
7. Diarreia

Digite os nÃºmeros dos sintomas separados por vÃ­rgula (exemplo: 2, 5, 7) ou digite *NÃƒO* se nÃ£o tiver apresentado nenhum dos sintomas descritos acima.",chatbot
Agora vamos lÃ¡!,chatbot
"Desculpe, nÃ£o entendi sua dÃºvida. Do que vocÃª precisa agora? (Digite o nÃºmero da opÃ§Ã£o desejada)

1. ğŸ‘©â€âš•ï¸ Atendimento online sobre o novo CoronavÃ­rus (COVID-19) 
2. â“ InformaÃ§Ãµes sobre o novo CoronavÃ­rus (COVID-19)
3. Outros",chatbot
Qual o seu primeiro nome?,chatbot
"Precisamos da sua localizaÃ§Ã£o para controlar a contaminaÃ§Ã£o pelo vÃ­rus. 

Clique no ğŸ“ ou no â•, selecione ""LocalizaÃ§Ã£o"" e depois ""LocalizaÃ§Ã£o fixa"".

Ao compartilhar sua localizaÃ§Ã£o, vocÃª ajuda o Governo a te proteger e proteger os outros.

Caso nÃ£o deseje compartilhar, digite ""NÃ£o"".",chatbot
Qual o seu primeiro nome?,chatbot
Qual o seu primeiro nome?,chatbot
"Pra adiantar, vou precisar que vocÃª me fale qual Ã© o seu e-mail!",chatbot
"Do que vocÃª precisa agora?

1. ğŸ‘©â€âš•ï¸ Atendimento online sobre o novo CoronavÃ­rus (COVID-19) 
2. â“ InformaÃ§Ãµes sobre o novo CoronavÃ­rus (COVID-19) 
3. ğŸ’› OrientaÃ§Ãµes sobre cuidados com a SaÃºde Mental
4. Outros",chatbot
"Estou finalizando o chat por falta de resposta, mas, qualquer dÃºvida, pode entrar em contato conosco. Ã‰ sÃ³ nos procurar que estaremos prontos para ajudar!",chatbot
Qual Ã¡rea vocÃª deseja responder agora?,chatbot
"Consegui entender que vocÃª quer saber mais sobre riscos. O que vocÃª gostaria de saber?

1. Como essa doenÃ§a se apresenta?
2. Como essa doenÃ§a se espalha?
3. Essa doenÃ§a Ã© transmitida pelo ar?
4. Devo me preocupar com essa doenÃ§a?
5. Quem Ã© grupo de risco?",chatbot
"Poxa, acho que vocÃª estÃ¡ um pouco ocupado, mas vamos lÃ¡ Ã© a sua chance de mudar de vida e ter a graduaÃ§Ã£o que tanto deseja.",chatbot
Qual o seu primeiro nome?,chatbot
VocÃª estÃ¡ em isolamento domiciliar?,chatbot
"Do que vocÃª precisa agora?

1. Atendimento online sobre o novo CoronavÃ­rus (COVID-19)
2. InformaÃ§Ãµes sobre o novo CoronavÃ­rus (COVID-19)
3. Outros",chatbot
Qual o seu primeiro nome?,chatbot
Pera sÃ³ um instante que vou checar aqui se encontro algum pedido seu em aberto.,chatbot
"Perfeito! Agora me envie somente o cÃ³digo de erro exibido. (Ex: 4, 1001)",chatbot
Quer fazer outra pergunta?,chatbot
"Opa! Me desculpa, mas eu tive uma falha. Se vocÃª mandou foto ou Ã¡udio, provavelmente foi por isso. Eu to aprendendo, ok? ",chatbot
Conto com a sua paciÃªncia! Logo alguÃ©m do meu time vai continuar a conversa. VocÃª estÃ¡ em  lugar na fila.,chatbot
Qual o seu primeiro nome?,chatbot
Qual o seu primeiro nome?,chatbot
"Digite o seu documento (CPF ou CNPJ) cadastrado conosco. 

Regras:
- Digite somente nÃºmeros;
- NÃ£o digite pontos. 
- NÃ£o digite traÃ§os; 
- NÃ£o digite barras.

Caso queira retornar ao inÃ­cio do atendimento, digite ""voltar""",chatbot
"Certo, entÃ£o vou te passar algumas opÃ§Ãµes de atendimento. Sobre qual assunto vocÃª deseja falar?

1 â€“ 2Âº via de boleto
2 â€“ Financeiro
3 â€“ AssistÃªncia tÃ©cnica
4 â€“ Financiamento bancÃ¡rio
5 â€“ Cancelamento da compra
6 - Andamento de obra
7 - Via do contrato
8 - Empreendimentos
9 â€“ Outras informaÃ§Ãµes",chatbot
"Do que vocÃª precisa agora? (Digite o nÃºmero da opÃ§Ã£o desejada)

1. ğŸ‘©â€âš•ï¸ Atendimento online sobre o novo CoronavÃ­rus (COVID-19) 
2. â“ InformaÃ§Ãµes sobre o novo CoronavÃ­rus (COVID-19) 
3. ğŸ’› OrientaÃ§Ãµes sobre cuidados com a SaÃºde Mental
4. Outros",chatbot
Qual o seu primeiro nome?,chatbot
"Do que vocÃª precisa agora? (Digite o nÃºmero da opÃ§Ã£o desejada)

1. ğŸ‘©â€âš•ï¸ Atendimento online sobre o novo CoronavÃ­rus (COVID-19) 
2. â“ InformaÃ§Ãµes sobre o novo CoronavÃ­rus (COVID-19) 
3. ğŸ’› OrientaÃ§Ãµes sobre cuidados com a SaÃºde Mental
4. Outros",chatbot
"EntÃ£o, vamos comeÃ§ar?

Primeiro, precisamos fazer uma avaliaÃ§Ã£o da sua condiÃ§Ã£o de saÃºde.

âš ï¸ O resultado dessa avaliaÃ§Ã£o depende da verdade de suas respostas e nÃ£o substitui a avaliaÃ§Ã£o de um profissional de saÃºde.",chatbot
"*Lembre-se de que vocÃª Ã© parte importante no combate ao novo CoronavÃ­rus.* Se proteja e ajude a proteger os outros. Siga as orientaÃ§Ãµes a seguir, especialmente enquanto ainda estiver sentindo algum sintoma:

 ğŸ§¼ Lave sempre as mÃ£os com Ã¡gua e sabÃ£o 

 ğŸ‘„ Evite tocar nos olhos, no nariz e na boca

 ğŸ˜· Se estiver tossindo ou espirrando, use mÃ¡scara
 
 ğŸ  Fique em casa",chatbot
Estou te encaminhando para uma pessoa que vai te atender!,chatbot
Colabore! NÃ£o divulgue conteÃºdos que nÃ£o tenham sido produzidos por fontes confiÃ¡veis e nÃ£o espalhe fake news.,chatbot
"Estou encerrando o chat por falta de comunicaÃ§Ã£o. Mas nÃ£o deixe de resolver seu problema, retorne o contato que teremos o maior prazer em te ajudar!",chatbot
SÃ³ um  momento por favor,chatbot
"VocÃª estÃ¡ com algum desses outros sintomas? ğŸ˜·

1. Falta de ar
2. Mal-estar intenso
3. Tosse incontrolÃ¡vel
4. Batimento das narinas durante a respiraÃ§Ã£o (para crianÃ§as)
5. Febre acima de 38Â°C persistente por mais de 48h
6. ConfusÃ£o mental 
7. Perda de olfato e/ou paladar

Digite os nÃºmeros dos sintomas separados por vÃ­rgula (exemplo: 2, 5) ou digite *NÃƒO* se nÃ£o tiver apresentado nenhum dos sintomas descritos acima.",chatbot
"Posso fazer uma Ãºltima pergunta? 

De 1 a 5, que nota representa o quÃ£o satisfeito vocÃª ficou com o meu atendimento? :)",chatbot
"ğŸ˜ O assunto que vocÃª deseja tratar estÃ¡ relacionado a que?
1 - Compra de crÃ©ditos
2 - CartÃ£o de transporte
3 - CartÃ£o de transporte escolar
4 - ReclamaÃ§Ãµes/ SugestÃµes
5 - Elogios",chatbot
"#FiqueEmCasa ğŸ  Com esse esforÃ§o coletivo, venceremos a luta contra o novo CoronavÃ­rus (COVID-19).",chatbot
Qual o seu primeiro nome?,chatbot
Colabore! NÃ£o divulgue conteÃºdos que nÃ£o tenham sido produzidos por fontes confiÃ¡veis e nÃ£o espalhe fake news.,chatbot
Conto com a sua paciÃªncia! Logo alguÃ©m do meu time vai continuar a conversa. VocÃª estÃ¡ em 4 Âº lugar na fila.,chatbot
Do que vocÃª precisa agora?,chatbot
"Antes de iniciar, qual o seu nome? (pode ser sÃ³ o primeiro, se quiser! ğŸ˜Š)",chatbot
"Ã‰ muito importante que, se vocÃª perceber qualquer mudanÃ§a nos sintomas, vocÃª volte aqui e escreva ""triagem"". Isso farÃ¡ com que vocÃª possa iniciar uma nova avaliaÃ§Ã£o.",chatbot
Qual o seu primeiro nome?,chatbot
Qual o seu primeiro nome?,chatbot
Qual o seu primeiro nome?,chatbot
Ã‰ o seu primeiro imÃ³vel?,chatbot
VocÃª andou de transporte pÃºblico ou esteve aeroporto nos Ãºltimos 7 dias?,chatbot
"Informe o CEP da sua localidade, por favor. Exemplo: 57000-000 ou 57000000. Se nÃ£o souber seu CEP, digite *NÃƒO*.",chatbot
"Vou verificar, um momento.",chatbot
Qual o seu primeiro nome?,chatbot
Qual o seu primeiro nome?,chatbot
"Do que vocÃª precisa agora?

1. ğŸ‘©â€âš•ï¸ Atendimento online sobre o novo CoronavÃ­rus (COVID-19) 
2. â“ InformaÃ§Ãµes sobre o novo CoronavÃ­rus (COVID-19) 
3. ğŸ’› OrientaÃ§Ãµes sobre cuidados com a SaÃºde Mental
4. Outros",chatbot
"Victor, deseja realizar a autoavaliaÃ§Ã£o do novo CoronavÃ­rus (COVID-19)?",chatbot
"HÃ¡ quantos dias os sintomas comeÃ§aram?

Responda apenas com o nÃºmero de dias (exemplo: 2).",chatbot
Pera sÃ³ um instante que vou checar aqui se encontro algum pedido seu em aberto.,chatbot
VocÃª prefere fazer direto pelo site ou fazer direto por aqui?,chatbot
Qual o seu primeiro nome?,chatbot
Qual o seu primeiro nome?,chatbot
"Quer fazer outra pergunta? (responda com *Sim* ou *NÃ£o*, por favor).",chatbot
Nos prÃ³ximos instantes alguÃ©m do meu time vai te atender! VocÃª estÃ¡ em 1 Âº lugar na fila.,chatbot
Qual o seu primeiro nome?,chatbot
"Desculpe, nÃ£o entendi sua dÃºvida. Do que vocÃª precisa agora?",chatbot
"EntÃ£o, se puder faz o teste agora!",chatbot
Qual o seu primeiro nome?,chatbot
"Roberto, vocÃª gostaria de tirar alguma dÃºvida sobre os temas a seguir?",chatbot
"VocÃª estÃ¡ com algum desses sintomas? ğŸ˜·

Selecione uma ou mais das opÃ§Ãµes abaixo.",chatbot
"De acordo com suas respostas e com o protocolo do MinistÃ©rio da SaÃºde, *vocÃª possui sintomas leves que podem estar relacionados ao novo CoronavÃ­rus (COVID-19).* ğŸ˜· ",chatbot
"Entendi que vocÃª quer alterar seu nome fantasia, correto? (Sim / NÃ£o)",chatbot
Quer conhecer um pouquinho mais sobre os meus produtos?,chatbot
"Informe o CPF do titular do cartÃ£o (apenas os nÃºmeros)

ex: ğŸ­ğŸ®ğŸ¯ğŸ­ğŸ®ğŸ¯ğŸ­ğŸ®ğŸ¯ğŸ­ğŸ®",chatbot
Mas jÃ¡ estamos com seu cadastro e em breve entraremos em contato.,chatbot
"HÃ¡ quantos dias os sintomas comeÃ§aram?

Responda apenas com o nÃºmero de dias (exemplo: 2).",chatbot
"Do que vocÃª precisa agora? (Digite o nÃºmero da opÃ§Ã£o desejada)

1. ğŸ‘©â€âš•ï¸ Atendimento online sobre o novo CoronavÃ­rus (COVID-19) 
2. â“ InformaÃ§Ãµes sobre o novo CoronavÃ­rus (COVID-19) 
3. ğŸ’› Cuidados com a SaÃºde Mental
4. Outros",chatbot
"Do que vocÃª precisa agora?

1. Atendimento online sobre o novo CoronavÃ­rus (COVID-19)
2. InformaÃ§Ãµes sobre o novo CoronavÃ­rus (COVID-19)
3. Outros",chatbot
Colabore! NÃ£o divulgue conteÃºdos que nÃ£o tenham sido produzidos por fontes confiÃ¡veis e nÃ£o espalhe fake news.,chatbot
"Do que vocÃª precisa agora?

1. ğŸ‘©â€âš•ï¸ Atendimento online sobre o novo CoronavÃ­rus (COVID-19) 
2. â“ InformaÃ§Ãµes sobre o novo CoronavÃ­rus (COVID-19) 
3. ğŸ’› OrientaÃ§Ãµes sobre cuidados psicolÃ³gicos
4. Outros",chatbot
"Certo, entÃ£o vou te passar algumas opÃ§Ãµes de atendimento. Sobre qual assunto vocÃª deseja falar?

1 â€“ 2Âº via de boleto
2 â€“ Financeiro
3 â€“ AssistÃªncia tÃ©cnica
4 â€“ Financiamento bancÃ¡rio
5 â€“ Cancelamento da compra
6 - Andamento de obra
7 - Via do contrato
8 - Empreendimentos
9 â€“ Outras informaÃ§Ãµes",chatbot
"Do que vocÃª precisa agora? (Digite o nÃºmero da opÃ§Ã£o desejada)

1. ğŸ‘©â€âš•ï¸ Atendimento online sobre o novo CoronavÃ­rus (COVID-19) 
2. â“ InformaÃ§Ãµes sobre o novo CoronavÃ­rus (COVID-19) 
3. ğŸ’› OrientaÃ§Ãµes sobre cuidados com a SaÃºde Mental
4. Outros",chatbot
"Informe o CEP da sua localidade, por favor. Exemplo: 57000-000 ou 57000000. Se nÃ£o souber seu CEP, digite *NÃƒO*.",chatbot
"Consegui entender que vocÃª quer saber mais sobre mitos. O que vocÃª gostaria de saber?

1. Os animais de estimaÃ§Ã£o podem espalhar o novo CoronavÃ­rus?
2. Quais as pessoas mais afetadas pelo novo CoronavÃ­rus?
3. Os antibiÃ³ticos sÃ£o eficazes na prevenÃ§Ã£o e no tratamento do novo CoronavÃ­rus?
4. Posso tomar algum remÃ©dio para prevenir ou tratar novo CoronavÃ­rus?
5. Quanto tempo o novo CoronavÃ­rus sobrevive em superfÃ­cies?
6. O novo CoronavÃ­rus pode matar?
7. HÃ¡ restriÃ§Ãµes para comprar mercadorias vindas de paÃ­ses com casos confirmados da doenÃ§a?",chatbot
Pera sÃ³ um instante. To consultando o meu time de atendimento para ter a informaÃ§Ã£o mais atualizada sobre o seu pedido para vocÃª.,chatbot
Digite seu nome completo:,chatbot
Deseja realizar a autoavaliaÃ§Ã£o do COVID-19?,chatbot
Qual o seu primeiro nome?,chatbot
Um minutinho que jÃ¡ jÃ¡ alguÃ©m do nosso Time vai falar com vocÃª!,chatbot
VocÃª tem alguma dica para melhorar ainda mais o nosso atendimento?,chatbot
Nos prÃ³ximos instantes alguÃ©m do meu time vai te atender! VocÃª estÃ¡ em 68 Âº lugar na fila.,chatbot
"Eu te ajudo, me conta um pouco do seu negocio ?",chatbot
Qual o seu primeiro nome?,chatbot
"VocÃª estÃ¡ com algum desses sintomas? ğŸ˜·
 1. Falta de ar
 2. Mal-estar intenso
 3. Tosse incontrolÃ¡vel
 4. Alargamento das narinas durante a respiraÃ§Ã£o (para crianÃ§as)
 5. Febre acima de 37.8Â°C persistente por mais de 48h
 6. ConfusÃ£o mental 
 7. Nenhum dos sintomas acima
 
Digite os nÃºmeros dos sintomas separados por vÃ­rgula (exemplo: 2, 5) ou digite 7 se nÃ£o estiver com os sintomas descritos acima.",chatbot
Precisando pode sempre entrar em contato com a gente,chatbot
"Do que vocÃª precisa agora? (Digite o nÃºmero da opÃ§Ã£o desejada)

1. ğŸ‘©â€âš•ï¸ Atendimento online sobre o novo CoronavÃ­rus (COVID-19) 
2. â“ InformaÃ§Ãµes sobre o novo CoronavÃ­rus (COVID-19) 
3. ğŸ’› Cuidados com a SaÃºde Mental
4. Outros",chatbot
"O assunto que vocÃª deseja tratar estÃ¡ relacionado a que?
1 - Compra de crÃ©ditos
2 - CartÃ£o de transporte
3 - CartÃ£o de transporte escolar
4 - ReclamaÃ§Ãµes/ SugestÃµes
5 - Elogios",chatbot
Qual o seu primeiro nome?,chatbot
Qual o seu primeiro nome?,chatbot
"Entendi, obrigado! Agora, preciso saber um pouco mais sobre vocÃª. ",chatbot
"Do que vocÃª precisa agora? (Digite o nÃºmero da opÃ§Ã£o desejada)

1. ğŸ‘©â€âš•ï¸ Atendimento online sobre o novo CoronavÃ­rus (COVID-19) 
2. â“ InformaÃ§Ãµes sobre o novo CoronavÃ­rus (COVID-19) 
3. ğŸ’› Cuidados com a SaÃºde Mental
4. Outros",chatbot
"AlÃ©m de vocÃª, quantas pessoas moram na sua casa? ğŸ ",chatbot
Qual o seu primeiro nome?,chatbot
"Legal, mas antes de te encaminhar para um consultor eu tenho uma Ãºltima pergunta.
",chatbot
Combinado?,chatbot
"Do que vocÃª precisa agora? (Digite o nÃºmero da opÃ§Ã£o desejada)

1. ğŸ‘©â€âš•ï¸ Atendimento online sobre o novo CoronavÃ­rus (COVID-19) 
2. â“ InformaÃ§Ãµes sobre o novo CoronavÃ­rus (COVID-19) 
3. ğŸ’› Cuidados com a SaÃºde Mental
4. Outros",chatbot
"Consegui entender que vocÃª quer saber mais sobre sintomas. O que vocÃª gostaria de saber?

1. NÃ£o me sinto bem. Devo procurar um mÃ©dico?
2. Onde buscar atendimento?
3. Como Ã© feito o diagnÃ³stico do novo CoronavÃ­rus (COVID-19)?
4. Para quem o exame Ã© indicado?
5. O que Ã© isolamento domiciliar?
6. Quando Ã© preciso fazer isolamento domiciliar?
7. O que Ã© o distanciamento social?
8. Todo caso de COVID-19 precisa ser internado no hospital?",chatbot
Um minutinho que jÃ¡ jÃ¡ alguÃ©m do nosso time vai falar com vocÃª!,chatbot
Por falta de comunicaÃ§Ã£o o atendimento serÃ¡ encerrado. Estarei sempre a disposiÃ§Ã£o.ğŸ˜„,chatbot
"Certo ğŸ˜„, com relaÃ§Ã£o a esse assunto eu posso tratar o seguinte:
1 - InformaÃ§Ãµes de Embarque
2 - Acessibilidade
3 - Acompanhante Menor de Idade
4 - Transporte de animais
O que vocÃª deseja?
",chatbot
Preciso da sua ajuda em dois passos!,chatbot
NÃ£o consegui entender.,chatbot
"CPF invÃ¡lido! Por favor, me informe um CPF vÃ¡lido com o formato: 000.000.000-00 ou 00000000000. (se nÃ£o se sentir a vontade, digite *NÃ£o*)",chatbot
Diga lÃ¡! Precisa de ajuda com o que?,chatbot
Nos prÃ³ximos instantes alguÃ©m do meu time vai te atender!,chatbot
Qual o seu primeiro nome?,chatbot
Obrigado por informar!,chatbot
"Nao, deseja realizar a autoavaliaÃ§Ã£o do novo CoronavÃ­rus (COVID-19)?",chatbot
"Por favor, antes de desconectar, avalie o meu atendimento. 
DÃª uma nota de 1 a 10, sendo:

1.Ruim ğŸ˜” >>> 10. Muito bom! ğŸ¤©",chatbot
"Seu atendimento foi encerrado porque vocÃª nÃ£o nos enviou mais mensagens. Caso queira iniciar um novo atendimento digite ""Iniciar"".",chatbot
"Por favor, informe seu nome completo para continuar o atendimento.",chatbot
"Informe o CEP da sua localidade, por favor. Exemplo: 57000-000 ou 57000000. Se nÃ£o souber seu CEP, digite *NÃƒO*.",chatbot
Um minutinho que jÃ¡ jÃ¡ alguÃ©m do nosso Time vai falar com vocÃª!,chatbot
"VocÃª estÃ¡ com algum dos sintomas abaixo?

1. Febre
2. Tosse
3. Nariz escorrendo
4. Dor de cabeÃ§a
5. Dor de garganta
6. Dores pelo corpo
7. Diarreia

Digite os nÃºmeros dos sintomas separados por vÃ­rgula (exemplo: 2, 5, 7) ou digite *NÃƒO* se nÃ£o tiver apresentado nenhum dos sintomas descritos acima.",chatbot
"AlÃ©m de vocÃª, quantas pessoas moram na sua casa? ğŸ ",chatbot
Qual o seu primeiro nome?,chatbot
"VocÃª estÃ¡ com algum dos sintomas abaixo?

Selecione uma ou mais das opÃ§Ãµes abaixo ou digite *NÃƒO* se nÃ£o tiver apresentado nenhum dos sintomas descritos.",chatbot
Como posso te ajudar?,chatbot
"EntÃ£o vamos comeÃ§ar?

âš ï¸O resultado da autoavaliaÃ§Ã£o depende da veracidade de suas respostas e nÃ£o substitui a avaliaÃ§Ã£o de um profissional de saÃºde.",chatbot
Diga lÃ¡! Te ajudo com o que?,chatbot
"Agora vou ficando por aqui. Se precisar, pode me chamar de novo, ok? AtÃ© breve!",chatbot
Colabore! NÃ£o divulgue conteÃºdos que nÃ£o tenham sido produzidos por fontes confiÃ¡veis e nÃ£o espalhe fake news.,chatbot
VocÃª estÃ¡ em isolamento domiciliar?,chatbot
Conto com a sua paciÃªncia! Logo alguÃ©m do meu time vai continuar a conversa. VocÃª estÃ¡ em 70 Âº lugar na fila.,chatbot
Hmmm... Deixa eu dar uma olhadinha aqui!,chatbot
"Fique tranquilo(a), aqui vocÃª tira dÃºvidas e recebe orientaÃ§Ãµes sobre o novo CoronavÃ­rus.",chatbot
Um minutinho que jÃ¡ jÃ¡ alguÃ©m do nosso Time vai falar com vocÃª!,chatbot
Em alguns instantes vamos te atender.,chatbot
"Oi tudo bom? 
Pode me confirmar seu telefone?

DDD + NÃºmero de telefone
",chatbot
Qual o seu primeiro nome?,chatbot
Qual sua preferencia ?,chatbot
Minha Ãºltima atualizaÃ§Ã£o aconteceu em: 24 de MarÃ§o de 2020.,chatbot
Em alguns instantes vamos te atender.,chatbot
Por falta de comunicaÃ§Ã£o estou encerrando o atendimento. Qualquer dÃºvida estarei a disposiÃ§Ã£o.â˜º,chatbot
Qual o seu primeiro nome?,chatbot
"Do que vocÃª precisa agora? (Digite o nÃºmero da opÃ§Ã£o desejada)

1. ğŸ‘©â€âš•ï¸ Atendimento online sobre o novo CoronavÃ­rus (COVID-19) 
2. â“ InformaÃ§Ãµes sobre o novo CoronavÃ­rus (COVID-19) 
3. ğŸ’› OrientaÃ§Ãµes sobre cuidados com a SaÃºde Mental
4. Outros",chatbot
"â° Sua posiÃ§Ã£o na fila Ã© 12

Aguarde por favor, assim que possÃ­vel iniciaremos seu atendimento.",chatbot
Posso te ajudar em algo mais?,chatbot
Qual o seu primeiro nome?,chatbot
"Me informa agora teu telefone, por favor. ",chatbot
Vou te passar para um atendente. SÃ³ um momento...,chatbot
"Certo! Antes de encerrar peÃ§o 1 minutinho para que vocÃª avalie o meu atendimento (digite um nÃºmero de 1 a 10), sendo:

1. Odiei. ğŸ˜” >>> 10. Amei! ğŸ¤©",chatbot
"Ã‰ muito importante o senhor estar atento aos  principais sinais de gravidade para o novo coronavÃ­rus que sÃ£o: falta de ar moderada a intensa, febre persistente (por mais de 48 horas) e prostraÃ§Ã£o importante. Nesses casos, vocÃª deve passar por uma avaliaÃ§Ã£o mÃ©dica o quanto antes.",chatbot
"EntÃ£o vamos comeÃ§ar?

âš ï¸O resultado da autoavaliaÃ§Ã£o depende da veracidade de suas respostas e nÃ£o substitui a avaliaÃ§Ã£o de um profissional de saÃºde.",chatbot
Informe o nome completo da mÃ£e do titular do cartÃ£o,chatbot
"Para casos como esse, temos um time de atendimento que poderÃ¡ rapidamente tirar suas dÃºvidas! Posso te transferir para eles?",chatbot
"HÃ¡ quantos dias os sintomas iniciaram?
Responda apenas com o nÃºmero de dias, exemplo: 2.",chatbot
Qual o seu primeiro nome?,chatbot
"Certo! Antes de encerrar peÃ§o 1 minutinho para que vocÃª avalie o meu atendimento (digite um nÃºmero de 1 a 10), sendo:

1. Odiei. ğŸ˜” >>> 10. Amei! ğŸ¤©",chatbot
NÃ£o consegui entender.,chatbot
"HÃ¡ quantos dias os sintomas comeÃ§aram?

Responda apenas com o nÃºmero de dias (exemplo: 2).",chatbot
"Do que vocÃª precisa agora?

1. ğŸ‘©â€âš•ï¸ Atendimento online sobre o novo CoronavÃ­rus (COVID-19) 
2. â“ InformaÃ§Ãµes sobre o novo CoronavÃ­rus (COVID-19) 
3. ğŸ’› OrientaÃ§Ãµes sobre cuidados psicolÃ³gicos
4. Outros",chatbot
"Do que vocÃª precisa agora? (Digite o nÃºmero da opÃ§Ã£o desejada)

1. ğŸ‘©â€âš•ï¸ Atendimento online sobre o novo CoronavÃ­rus (COVID-19) 
2. â“ InformaÃ§Ãµes sobre o novo CoronavÃ­rus (COVID-19) 
3. ğŸ’› Cuidados com a SaÃºde Mental
4. Outros",chatbot
"Os principais sinais de gravidade para o novo coronavÃ­rus sÃ£o: falta de ar moderada a intensa, febre persistente (por mais de 48 horas) e prostraÃ§Ã£o importante. Nesses casos, vocÃª deve passar por uma avaliaÃ§Ã£o mÃ©dica o quanto antes.",chatbot
"Do que vocÃª precisa agora?

1. Atendimento e orientaÃ§Ã£o sobre o novo CoronavÃ­rus (COVID-19)
2. InformaÃ§Ãµes sobre o novo CoronavÃ­rus (COVID-19)
3. Outros",chatbot
"VocÃª tem algum desses problemas de saÃºde?

Selecione uma ou mais das opÃ§Ãµes abaixo ou digite *NÃƒO* se nÃ£o tiver nenhum dos problemas de saÃºde descritos.

*Considere deficiÃªncia imunolÃ³gica: portador de HIV, em tratamento para algum cÃ¢ncer, portador de doenÃ§as autoimunes (como lÃºpus, sÃ­ndrome antifosfolÃ­pide, ...), realizou transplante ou usa corticoides",chatbot
"Por falta de comunicaÃ§Ã£o, estou encerrando o atendimento. Sempre que precisar, estarei por aqui!ğŸ˜Š",chatbot
"â€¢	Febre medida no termÃ´metro? sÃ³ consideramos febre a partir de 37,8.",chatbot
"Seja um(a) aliado(a) nessa luta, compartilhe esse serviÃ§o com pessoas e grupos que podem precisar da nossa ajuda.

Juntos venceremos essa luta contra o novo CoronavÃ­rus! 

#FiqueEmCasa ğŸ ",chatbot
"Por favor, antes de desconectar, avalie o meu atendimento. 
DÃª uma nota de 1 a 10, sendo:

1.Ruim ğŸ˜” >>> 10. Muito bom! ğŸ¤©",chatbot
VocÃª estÃ¡ em isolamento domiciliar?,chatbot
"HÃ¡ quantos dias os sintomas comeÃ§aram?

Responda apenas com o nÃºmero de dias (exemplo: 2).",chatbot
"Deseja acessar outras orientaÃ§Ãµes na nossa plataforma?

1. Sim
2. NÃ£o",chatbot
Hmmm... Deixa eu dar uma olhadinha aqui!,chatbot
Qual o seu primeiro nome?,chatbot
Um minutinho que jÃ¡ jÃ¡ alguÃ©m do nosso Time vai falar com vocÃª!,chatbot
Conto com a sua paciÃªncia! Logo alguÃ©m do meu time vai continuar a conversa. VocÃª estÃ¡ em 1 Âº lugar na fila.,chatbot
"SÃ³ um momento, que vou verificar",chatbot
"AlÃ©m de vocÃª, quantas pessoas moram na sua casa? ğŸ ",chatbot
Conto com a sua paciÃªncia! Logo alguÃ©m do meu time vai continuar a conversa. VocÃª estÃ¡ em 1 Âº lugar na fila.,chatbot
Nos prÃ³ximos instantes alguÃ©m do meu time vai te atender! VocÃª estÃ¡ em 1 Âº lugar na fila.,chatbot
Conto com a sua paciÃªncia! Logo alguÃ©m do meu time vai continuar a conversa. VocÃª estÃ¡ em 4 Âº lugar na fila.,chatbot
"Qual a sua data de nascimento?

Por favor, insira uma data no formato dd/mm/aaaa.",chatbot
"Qual a sua data de nascimento?

Por favor, insira uma data no formato dd/mm/aaaa.",chatbot
"Ok. VocÃª estÃ¡ com algum dos sintomas abaixo?

1. Febre
2. Tosse
3. Nariz escorrendo
4. Dificuldade para respirar
5. Dor de cabeÃ§a
6. Dor de garganta
7. Dores pelo corpo
8. Diarreia

Digite os nÃºmeros dos sintomas separados por vÃ­rgula (exemplo: 2, 5, 8) ou digite *NÃƒO* se nÃ£o tiver apresentado nenhum dos sintomas descritos acima.",chatbot
AtenÃ§Ã£o: NÃ£o Ã© permitido o envio de Ã¡udio!,chatbot
"OlÃ¡! VocÃª jÃ¡ Ã© nosso cliente ou deseja conhecer nossos produtos?

- Sou Cliente
- Conhecer os produtos
- Falar com Atendente",chatbot
Qual o seu primeiro nome?,chatbot
"Antes de iniciarmos seu atendimento, em qual perfil vocÃª se enquadra:",chatbot
Conto com a sua paciÃªncia! Logo alguÃ©m do meu time vai continuar a conversa. VocÃª estÃ¡ em 1 Âº lugar na fila.,chatbot
"Enviei, pode me informar a numeraÃ§Ã£o que chegou?",chatbot
AtualizaÃ§Ã£o cadastral realizada:,chatbot
Quer fazer outra pergunta?,chatbot
"Quer fazer outra pergunta? (responda com *Sim* ou *NÃ£o*, por favor).",chatbot
Seu atendimento foi finalizado.,chatbot
:D,chatbot
Qual o seu primeiro nome?,chatbot
"Dessa vez, no que vocÃª precisa de ajuda?",chatbot
Um minutinho que jÃ¡ jÃ¡ alguÃ©m do nosso time vai falar com vocÃª!,chatbot
Qual o seu primeiro nome?,chatbot
"AlÃ©m de vocÃª, quantas pessoas moram na sua casa? ğŸ ",chatbot
"VocÃª estÃ¡ com algum desses sintomas? ğŸ˜·

Selecione uma ou mais das opÃ§Ãµes abaixo.",chatbot
Hoje teve febre? De quanto?,chatbot
Como vocÃª se chama?,chatbot
"AlÃ©m de vocÃª, quantas pessoas moram na sua casa? ğŸ ",chatbot
Em alguns instantes vamos te atender.,chatbot
"Por falta de comunicaÃ§Ã£o, estou encerrando o atendimento. Sempre que precisar, estarei por aqui!ğŸ˜Š",chatbot
"Por favor, antes de desconectar, avalie o meu atendimento. 
DÃª uma nota de 1 a 10, sendo:

1.Ruim ğŸ˜” >>> 10. Muito bom! ğŸ¤©",chatbot
Qual o seu primeiro nome?,chatbot
"Beleza. Me passa o seu CPF ou CNPJ, por favor ?",chatbot
Conto com a sua paciÃªncia! Logo alguÃ©m do meu time vai continuar a conversa. VocÃª estÃ¡ em 1 Âº lugar na fila.,chatbot
Qual o seu primeiro nome?,chatbot
Deixa eu te localizar aqui... Me diz qual Ã© o seu e-mail cadastrado.,chatbot
"Do que vocÃª precisa agora? (Digite o nÃºmero da opÃ§Ã£o desejada)

1. ğŸ‘©â€âš•ï¸ Atendimento online sobre o novo CoronavÃ­rus (COVID-19) 
2. â“ InformaÃ§Ãµes sobre o novo CoronavÃ­rus (COVID-19) 
3. ğŸ’› Cuidados com a SaÃºde Mental
4. Outros",chatbot
"VocÃª tem algum desses problemas de saÃºde?

Selecione uma ou mais das opÃ§Ãµes abaixo ou digite *NÃƒO* se nÃ£o tiver nenhum dos problemas de saÃºde descritos.

*Considere deficiÃªncia imunolÃ³gica: portador de HIV, em tratamento para algum cÃ¢ncer, portador de doenÃ§as autoimunes (como lÃºpus, sÃ­ndrome antifosfolÃ­pide, ...), realizou transplante ou usa corticoides",chatbot
"VocÃª estÃ¡ com algum desses outros sintomas? ğŸ˜·

Selecione uma ou mais das opÃ§Ãµes abaixo.",chatbot
Qual o seu primeiro nome?,chatbot
"Contamos com vocÃª nessa luta contra o novo CoronavÃ­rus! Compartilhe esse serviÃ§o com pessoas e grupos que precisem da nossa ajuda. 

#FiqueEmCasa ğŸ ",chatbot
Quantos anos vocÃª tem?,chatbot
Suas dÃºvidas foram respondidas?,chatbot
Quer saber mais detalhes dos produtos ou jÃ¡ estÃ¡ decidido e quer falar com um dos nossos atendentes?,chatbot
"Por favor, antes de desconectar, avalie esse serviÃ§o.
DÃª uma nota de 1 a 10, sendo:
 
1.Ruim ğŸ˜” >>> 10. Muito bom! ğŸ¤©",chatbot
"VÃ¡ de mÃ¡scara, e tome todos os cuidados preventivos: fique Ã  distancia de no mÃ­nimo 1 metro de outras pessoas, lave bem as mÃ£os, uso alcool em gel sempre que possÃ­vel",chatbot
Qual o seu primeiro nome?,chatbot
Qual o seu primeiro nome?,chatbot
*Obrigado. Em alguns minutos iremos atendÃª-lo. PermaneÃ§a com a conversa aberta.*,chatbot
VocÃª ainda estÃ¡ na fila de espera.,chatbot
Obrigada por informar!,chatbot
"Estamos acionando um profissional de saÃºde para atender e cuidar de vocÃª. ğŸ‘©â€âš•ï¸ğŸ‘¨â€âš•ï¸

Por favor, complete as informaÃ§Ãµes a seguir para agilizarmos o seu atendimento.",chatbot
Qual o seu primeiro nome?,chatbot
Bom dia ğŸŒ„,chatbot
Qual o seu primeiro nome?,chatbot
O compartilhamento da localizaÃ§Ã£o falhou. ğŸ˜” Vamos tentar de outra forma.,chatbot
Qual o seu primeiro nome?,chatbot
Vamos lÃ¡!,chatbot
VocÃª faz tratamento para a depressÃ£o?,chatbot
VocÃª jÃ¡ se cadastrou em nossa base de dados ğŸ˜€,chatbot
"Enquanto isso, gostaria de saber um pouco mais sobre vocÃª.",chatbot
Qual o seu primeiro nome?,chatbot
Qual o seu primeiro nome?,chatbot
"Enquanto isso, gostaria de saber um pouco mais sobre vocÃª.",chatbot
"Opaaa, que maravilha!",chatbot
Estou encerrando essa conversa devido a inatividade. AtÃ© mais! ğŸ™‚,chatbot
Qual o seu bairro?,chatbot
Certo.,chatbot
Vou pedir que continue acompanhando os sintomas em casa e nos procure em casa de piora ou mudanaÃ§a do quadro,chatbot
"Do que vocÃª precisa agora? (Digite o nÃºmero da opÃ§Ã£o desejada)

1. ğŸ‘©â€âš•ï¸ Atendimento online sobre o novo CoronavÃ­rus (COVID-19) 
2. â“ InformaÃ§Ãµes sobre o novo CoronavÃ­rus (COVID-19) 
3. ğŸ’› Cuidados com a SaÃºde Mental
4. Outros",chatbot
JÃ¡ encontrei seu pedido! Vou te passar mais informaÃ§Ãµes...,chatbot
Ok.,chatbot
Obrigado por utilizar nosso portal!,chatbot
Por falta de comunicaÃ§Ã£o estou encerrando o atendimento. Qualquer dÃºvida estarei a disposiÃ§Ã£o.â˜º,chatbot
Como eu posso te ajudar?,chatbot
Nos prÃ³ximos instantes alguÃ©m do meu time vai te atender! VocÃª estÃ¡ em 2 Âº lugar na fila.,chatbot
Colabore! NÃ£o divulgue conteÃºdos que nÃ£o tenham sido produzidos por fontes confiÃ¡veis e nÃ£o espalhe fake news.,chatbot
"Do que vocÃª precisa agora? (Digite o nÃºmero da opÃ§Ã£o desejada)

1. ğŸ‘©â€âš•ï¸ Atendimento online sobre o novo CoronavÃ­rus (COVID-19) 
2. â“ InformaÃ§Ãµes sobre o novo CoronavÃ­rus (COVID-19) 
3. ğŸ’› OrientaÃ§Ãµes sobre cuidados com a SaÃºde Mental
4. Outros",chatbot
VocÃª tem mais de um cadastro conosco?,chatbot
Obrigado por informar!,chatbot
"Por falta de comunicaÃ§Ã£o, estou encerrando o atendimento. Sempre que precisar, estarei por aqui!ğŸ˜Š",chatbot
Pera sÃ³ um instante que vou checar aqui se encontro algum pedido seu em aberto.,chatbot
"Quer fazer outra pergunta? (responda com *Sim* ou *NÃ£o*, por favor).",chatbot
Qual o seu primeiro nome?,chatbot
Qual o seu primeiro nome?,chatbot
Um momentinho,chatbot
Deixa eu te localizar aqui... Me diz qual Ã© o seu e-mail cadastrado.,chatbot
"Do que vocÃª precisa agora?

1. Atendimento e orientaÃ§Ã£o sobre o novo CoronavÃ­rus (COVID-19)
2. InformaÃ§Ãµes sobre o novo CoronavÃ­rus (COVID-19)
3. Outros",chatbot
Qual o seu primeiro nome?,chatbot
Qual o seu primeiro nome?,chatbot
"Por favor, antes de desconectar, avalie esse serviÃ§o.
DÃª uma nota de 1 a 10, sendo:
 
1.Ruim ğŸ˜” >>> 10. Muito bom! ğŸ¤©",chatbot
Suas dÃºvidas foram respondidas?,chatbot
"Quer fazer outra pergunta? (responda com *Sim* ou *NÃ£o*, por favor).",chatbot
"Desculpe, nÃ£o entendi sua dÃºvida. Do que vocÃª precisa agora?
 
1. ğŸ‘©â€âš•ï¸ Atendimento online sobre o novo CoronavÃ­rus (COVID-19) 
2. â“ InformaÃ§Ãµes sobre o novo CoronavÃ­rus (COVID-19) 
3. ğŸ’› OrientaÃ§Ãµes sobre cuidados psicolÃ³gicos
4. Outros",chatbot
"Contamos com vocÃª nessa luta contra o novo CoronavÃ­rus! Compartilhe esse serviÃ§o com pessoas e grupos que precisem da nossa ajuda. 

#FiqueEmCasa ğŸ ",chatbot
Qual o seu primeiro nome?,chatbot
"Do que vocÃª precisa agora? (Digite o nÃºmero da opÃ§Ã£o desejada)

1. ğŸ‘©â€âš•ï¸ Atendimento online sobre o novo CoronavÃ­rus (COVID-19) 
2. â“ InformaÃ§Ãµes sobre o novo CoronavÃ­rus (COVID-19) 
3. ğŸ’› Cuidados com a SaÃºde Mental
4. Outros",chatbot
Por falta de comunicaÃ§Ã£o o atendimento serÃ¡ encerrado. Estarei sempre a disposiÃ§Ã£o.ğŸ˜„,chatbot
"Seu atendimento foi encerrado porque vocÃª nÃ£o nos enviou mais mensagens. Caso queira iniciar um novo atendimento digite ""Iniciar"".",chatbot
Nos prÃ³ximos instantes alguÃ©m do meu time vai te atender! VocÃª estÃ¡ em 1 Âº lugar na fila.,chatbot
"Desculpe, nÃ£o entendi sua dÃºvida. Do que vocÃª precisa agora?

1. ğŸ‘©â€âš•ï¸ Atendimento online sobre o novo CoronavÃ­rus (COVID-19) 
2. â“ InformaÃ§Ãµes sobre o novo CoronavÃ­rus (COVID-19) 
3. ğŸ’› OrientaÃ§Ãµes sobre cuidados com a SaÃºde Mental
4. Outros",chatbot
"Legal! Tenho certeza que esse serÃ¡ a primeira de muitas conversas que ainda teremos! Agora Ã© a sua vez, como eu posso te chamar?",chatbot
Qual o seu primeiro nome?,chatbot
Sem problemas.,chatbot
"Estou encerrando essa conversa devido a inatividade. Espero poder te ajudar numa prÃ³xima! ğŸ˜‰
",chatbot
Qual o seu primeiro nome?,chatbot
Qual o seu primeiro nome?,chatbot
Qual o seu primeiro nome?,chatbot
Obrigada por ter entrado em contato conosco!,chatbot
"Quer fazer outra pergunta? (responda com *Sim* ou *NÃ£o*, por favor).",chatbot
"Entendi, obrigado! Agora, preciso saber um pouco mais sobre vocÃª. ",chatbot
Como posso te ajudar?,chatbot
VocÃª quer falar com um dos nossos atendentes?,chatbot
"VocÃª estÃ¡ com algum dos sintomas abaixo?

1. Febre
2. Tosse
3. Nariz escorrendo
4. Dor de cabeÃ§a
5. Dor de garganta
6. Dores pelo corpo
7. Diarreia

Digite os nÃºmeros dos sintomas separados por vÃ­rgula (exemplo: 2, 5, 7) ou digite *NÃƒO* se nÃ£o tiver apresentado nenhum dos sintomas descritos acima.",chatbot
"VocÃª estÃ¡ com algum dos sintomas abaixo?

1. Febre
2. Tosse
3. Nariz escorrendo
4. Dor de cabeÃ§a
5. Dor de garganta
6. Dores pelo corpo
7. Diarreia

Digite os nÃºmeros dos sintomas separados por vÃ­rgula (exemplo: 2, 5, 7) ou digite *NÃƒO* se nÃ£o tiver apresentado nenhum dos sintomas descritos acima.",chatbot
Qual o seu primeiro nome?,chatbot
Quer fazer outra pergunta?,chatbot
Qual o seu primeiro nome?,chatbot
Qual o seu primeiro nome?,chatbot
Obrigado por informar!,chatbot
"Desculpe, nÃ£o entendi sua dÃºvida. Do que vocÃª precisa agora? (Digite o nÃºmero da opÃ§Ã£o desejada)

1. ğŸ‘©â€âš•ï¸ Atendimento online sobre o novo CoronavÃ­rus (COVID-19) 
2. â“ InformaÃ§Ãµes sobre o novo CoronavÃ­rus (COVID-19)
3. Outros",chatbot
Qual o seu primeiro nome?,chatbot
EntÃ£o vamos lÃ¡! ğŸ˜‰,chatbot
Obrigado por informar!,chatbot
"Consegui entender que vocÃª quer saber mais sobre mitos. O que vocÃª gostaria de saber?

1. Os animais de estimaÃ§Ã£o podem espalhar o novo CoronavÃ­rus?
2. Quais as pessoas mais afetadas pelo novo CoronavÃ­rus?
3. Os antibiÃ³ticos sÃ£o eficazes na prevenÃ§Ã£o e no tratamento do novo CoronavÃ­rus?
4. Posso tomar algum remÃ©dio para prevenir ou tratar novo CoronavÃ­rus?
5. Quanto tempo o novo CoronavÃ­rus sobrevive em superfÃ­cies?
6. O novo CoronavÃ­rus pode matar?
7. HÃ¡ restriÃ§Ãµes para comprar mercadorias vindas de paÃ­ses com casos confirmados da doenÃ§a?",chatbot
Qual o seu primeiro nome?,chatbot
Qual o seu primeiro nome?,chatbot
"Do que vocÃª precisa agora? (Digite o nÃºmero da opÃ§Ã£o desejada)

1. Atendimento e orientaÃ§Ã£o sobre o novo CoronavÃ­rus (COVID-19)
2. InformaÃ§Ãµes sobre o novo CoronavÃ­rus (COVID-19)
3. Outros",chatbot
Qual o seu primeiro nome?,chatbot
*Obrigado. Em alguns minutos iremos atendÃª-lo. PermaneÃ§a com a conversa aberta.*,chatbot
"nÃ£o consegui encontrar este email, por favor tente digitar algo como  exemplo@gmail.com",chatbot
Obrigada por informar!,chatbot
"Certo! Antes de encerrar peÃ§o 1 minutinho para que vocÃª avalie o meu atendimento (digite um nÃºmero de 1 a 10), sendo:

1. Odiei. ğŸ˜” >>> 10. Amei! ğŸ¤©",chatbot
"Para agilizar seu atendimento, descreva em uma Ãºnica mensagem como podemos te ajudar. Em breve um dos nossos especialistas vai falar com vocÃª :D",chatbot
VocÃª prefere fazer direto pelo site ou fazer direto por aqui?,chatbot
"Seu atendimento foi encerrado porque vocÃª nÃ£o nos enviou mais mensagens. Caso queira iniciar um novo atendimento digite ""Iniciar"".",chatbot
Mais algum sintoma?,chatbot
"Do que vocÃª precisa agora? (Digite o nÃºmero da opÃ§Ã£o desejada)


1. ğŸ‘©â€âš•ï¸ Atendimento online sobre o novo CoronavÃ­rus (COVID-19) 
2. â“ InformaÃ§Ãµes sobre o novo CoronavÃ­rus (COVID-19) 
3. Outros",chatbot
Do que vocÃª precisa agora?,chatbot
Conto com a sua paciÃªncia! Logo alguÃ©m do meu time vai continuar a conversa.,chatbot
Deixa eu te localizar aqui... Me diz qual Ã© o seu e-mail cadastrado.,chatbot
"Pra adiantar, vou precisar que vocÃª me fale qual Ã© o seu e-mail!",chatbot
"VocÃª tem algum desses problemas de saÃºde?

Selecione uma ou mais das opÃ§Ãµes abaixo ou digite *NÃƒO* se nÃ£o tiver nenhum dos problemas de saÃºde descritos.

*Considere deficiÃªncia imunolÃ³gica: portador de HIV, em tratamento para algum cÃ¢ncer, portador de doenÃ§as autoimunes (como lÃºpus, sÃ­ndrome antifosfolÃ­pide, ...), realizou transplante ou usa corticoides",chatbot
Qual o seu primeiro nome?,chatbot
"Inacio, vocÃª pode me informar seu CPF? NÃ£o precisa digitar os pontos ou traÃ§os ğŸ˜Š",chatbot
Nos prÃ³ximos instantes alguÃ©m do meu time vai te atender! VocÃª estÃ¡ em 5 Âº lugar na fila.,chatbot
A sua renda Ã© entre 3.000 e 5.000?,chatbot
"VocÃª estÃ¡ com algum desses outros sintomas? ğŸ˜·

Selecione uma ou mais das opÃ§Ãµes abaixo.",chatbot
"Por favor, antes de desconectar, avalie esse serviÃ§o.
DÃª uma nota de 1 a 10, sendo:
 
1.Ruim ğŸ˜” >>> 10. Muito bom! ğŸ¤©",chatbot
VocÃª andou de transporte pÃºblico nos Ãºltimos dias?,chatbot
"Certo, me envie de maneira resumida sobre o que vocÃª precisa de ajuda.",chatbot
"Consegui entender que vocÃª quer saber mais sobre mitos. O que vocÃª gostaria de saber?

1. Os animais de estimaÃ§Ã£o podem espalhar o novo CoronavÃ­rus?
2. Quais as pessoas mais afetadas pelo novo CoronavÃ­rus?
3. Os antibiÃ³ticos sÃ£o eficazes na prevenÃ§Ã£o e no tratamento do novo CoronavÃ­rus?
4. Posso tomar algum remÃ©dio para prevenir ou tratar novo CoronavÃ­rus?
5. Quanto tempo o novo CoronavÃ­rus sobrevive em superfÃ­cies?
6. O novo CoronavÃ­rus pode matar?
7. HÃ¡ restriÃ§Ãµes para comprar mercadorias vindas de paÃ­ses com casos confirmados da doenÃ§a?
8. Voltar para o menu principal",chatbot
Qual o seu primeiro nome?,chatbot
Qual o seu primeiro nome?,chatbot
"Pra adiantar, vou precisar que vocÃª me fale qual Ã© o seu e-mail!",chatbot
"AlÃ©m de vocÃª, quantas pessoas moram na sua casa? ğŸ ",chatbot
Infelizmente eu nÃ£o consegui te entender.,chatbot
Qual o seu primeiro nome?,chatbot
Por falta de comunicaÃ§Ã£o o atendimento serÃ¡ encerrado. Estarei sempre a disposiÃ§Ã£o.ğŸ˜„,chatbot
"Que legal, vocÃª jÃ¡ terminou o Ensino MÃ©dio?",chatbot
"Por falta de comunicaÃ§Ã£o, estou encerrando o atendimento. Sempre que precisar, estarei por aqui!ğŸ˜Š",chatbot
"HÃ¡ quantos dias os sintomas comeÃ§aram?

Responda apenas com o nÃºmero de dias (exemplo: 2).",chatbot
VocÃª conseguiu conectar ao wifi?,chatbot
Vou te passar para um atendente. SÃ³ um momento...,chatbot
"Legal! Tenho certeza que esse serÃ¡ a primeira de muitas conversas que ainda teremos! Agora Ã© a sua vez, como eu posso te chamar?",chatbot
"Vou te encaminhar para o nosso time de especialistas para te informar melhor e resolver o problema, ok?",chatbot
"Do que vocÃª precisa agora? (Digite o nÃºmero da opÃ§Ã£o desejada)

1. ğŸ‘©â€âš•ï¸ Atendimento online sobre o novo CoronavÃ­rus (COVID-19) 
2. â“ InformaÃ§Ãµes sobre o novo CoronavÃ­rus (COVID-19) 
3. ğŸ’› Cuidados com a SaÃºde Mental
4. Outros",chatbot
Qual o seu primeiro nome?,chatbot
Quantos anos vocÃª tem?,chatbot
VocÃª estÃ¡ sentindo falta de ar? ğŸ˜,chatbot
Conto com a sua paciÃªncia! Logo alguÃ©m do meu time vai continuar a conversa. VocÃª estÃ¡ em 1 Âº lugar na fila.,chatbot
JÃ¡ encontrei seu pedido! Vou te passar mais informaÃ§Ãµes...,chatbot
"VocÃª estÃ¡ com algum dos sintomas abaixo?

Selecione uma ou mais das opÃ§Ãµes abaixo ou digite *NÃƒO* se nÃ£o tiver apresentado nenhum dos sintomas descritos.",chatbot
"Consegui entender que vocÃª quer saber mais sobre riscos. O que vocÃª gostaria de saber?

1. Como essa doenÃ§a se apresenta?
2. Como essa doenÃ§a se espalha?
3. Essa doenÃ§a Ã© transmitida pelo ar?
4. Devo me preocupar com essa doenÃ§a?
5. Quem Ã© grupo de risco?",chatbot
Qual o seu primeiro nome?,chatbot
JÃ¡ encontrei seu pedido! Vou te passar mais informaÃ§Ãµes...,chatbot
"Me  informe  seu endereÃ§o  completo incluindo cep, bairro, cidade , estado e um ponto de referÃªncia.",chatbot
"Por favor, antes de desconectar, avalie esse serviÃ§o.
DÃª uma nota de 1 a 10, sendo:
 
1.Ruim ğŸ˜” >>> 10. Muito bom! ğŸ¤©",chatbot
Por nada! Se algum novo sintoma ou piora pode entrar em contato novamente,chatbot
VocÃª prefere fazer direto pelo site ou fazer direto por aqui?,chatbot
"Este Ã© um canal para te orientar sobre o novo CoronavÃ­rus (COVID-19).
 
 ğŸ“ Para denunciar descumprimento a determinaÃ§Ãµes do Governo no enfrentamento ao novo CoronavÃ­rus, ligue 190. 
 
 ğŸ“ Para outras informaÃ§Ãµes, fale com a Central de Atendimento da Ouvidoria pelo 155.",chatbot
Qual o seu primeiro nome?,chatbot
Conto com a sua paciÃªncia! Logo alguÃ©m do meu time vai continuar a conversa. VocÃª estÃ¡ em 1 Âº lugar na fila.,chatbot
"Certo! Antes de encerrar peÃ§o 1 minutinho para que vocÃª avalie o meu atendimento (digite um nÃºmero de 1 a 10), sendo:

1. Odiei. ğŸ˜” >>> 10. Amei! ğŸ¤©",chatbot
VocÃª estÃ¡ em isolamento domiciliar?,chatbot
Como eu posso te chamar?,chatbot
Por falta de comunicaÃ§Ã£o estou encerrando o atendimento. Qualquer dÃºvida estarei a disposiÃ§Ã£o.â˜º,chatbot
Qual o seu primeiro nome?,chatbot
"Agradecemos o contato, mantenha uma alimentaÃ§Ã£o equilibrada e regular, com ingesta hÃ­drica de 2L de Ã¡gua, para melhorar o sistema imune",chatbot
"Certo! Antes de encerrar peÃ§o 1 minutinho para que vocÃª avalie o meu atendimento (digite um nÃºmero de 1 a 10), sendo:

1. Odiei. ğŸ˜” >>> 10. Amei! ğŸ¤©",chatbot
"NÃ£o se sabe exatamente quanto tempo o novo coronavÃ­rus (COVID-19) sobrevive na superfÃ­cie dos objetos. Alguns estudos indicam que o vÃ­rus se mantÃ©m nas superfÃ­cies por algumas horas ou atÃ© vÃ¡rios dias.

Se vocÃª acha que uma superfÃ­cie pode estar infectada, limpe-a com um desinfetante e em seguida lave as mÃ£os com Ã¡gua e sabÃ£o.",chatbot
Como posso te ajudar?,chatbot
Achei! Agora me confirma o seu CPF (somente os nÃºmeros)?,chatbot
Nos prÃ³ximos instantes alguÃ©m do meu time vai te atender! VocÃª estÃ¡ em 8 Âº lugar na fila.,chatbot
"Informe apenas os nÃºmeros do CPF do titular do cartÃ£o
",chatbot
"AlÃ©m de vocÃª, quantas pessoas moram na sua casa? ğŸ ",chatbot
Um minutinho que jÃ¡ jÃ¡ alguÃ©m do nosso time vai falar com vocÃª!,chatbot
"Procure atendimento apenas se estiver com:

- Dificuldade para respirar, lÃ¡bios roxos, desorientaÃ§Ã£o e desmaios.

AtenÃ§Ã£o! A febre, isoladamente, mesmo alta, em pessoa sem fator de risco nÃ£o deve ser considerada sinal de gravidade, se nÃ£o vier acompanhada desses outros sintomas.",chatbot
Obrigado por se cadastrar. PermaneÃ§a com a conversa aberta. Em alguns minutos iremos atendÃª-lo(a).,chatbot
Quer fazer outra pergunta?,chatbot
"Ok. VocÃª estÃ¡ com algum dos sintomas abaixo?

Selecione uma ou mais das opÃ§Ãµes abaixo ou digite *NÃƒO* se nÃ£o tiver apresentado nenhum dos sintomas descritos.",chatbot
Qual o seu primeiro nome?,chatbot
"Chatbot suspenso.
Por favor, procure seu administrador.",chatbot
Qual o seu primeiro nome?,chatbot
Consegui resolver seu problema?,chatbot
Tudo bem?,chatbot
"Fique tranquilo(a), aqui vocÃª tira dÃºvidas e recebe orientaÃ§Ãµes sobre o novo CoronavÃ­rus.",chatbot
"AlÃ©m de tosse, mais algum sintoma?",chatbot
"Estou encerrando essa conversa, tudo bem? AtÃ© mais! ğŸ™‚",chatbot
"Por favor, informe seu nome completo para continuar o atendimento.",chatbot
"VocÃª tem algum desses problemas de saÃºde?

Selecione uma ou mais das opÃ§Ãµes abaixo ou digite *NÃƒO* se nÃ£o tiver nenhum dos problemas de saÃºde descritos.

*Considere deficiÃªncia imunolÃ³gica: portador de HIV, em tratamento para algum cÃ¢ncer, portador de doenÃ§as autoimunes (como lÃºpus, sÃ­ndrome antifosfolÃ­pide, ...), realizou transplante ou usa corticoides",chatbot
"Infelizmente no momento nÃ£o possuÃ­mos nenhum atendente online.ğŸ˜”

",chatbot
Hmmm... Deixa eu dar uma olhadinha aqui!,chatbot
VocÃª sÃ³ tem esse cadastro ou tem outro?,chatbot
"No momento, vocÃª tem algo em mente que vocÃª sente que estÃ¡ te preocupando?",chatbot
"VocÃª pode me falar novamente os sintomas, nÃ£o salvou as respostas.",chatbot
"Me informe o cpf/cnpj do seu cadastro, por favor?",chatbot
"Perfeito! Vou te encaminhar para meu time de especialistas, e eles irÃ£o te ajudar. Posso te transferir? (Sim / NÃ£o)",chatbot
Como posso te ajudar ?,chatbot
"Agora me informa o seu e-mail, por favor.",chatbot
"Do que vocÃª precisa agora? (Digite o nÃºmero da opÃ§Ã£o desejada)

1. ğŸ‘©â€âš•ï¸ Atendimento online sobre o novo CoronavÃ­rus (COVID-19) 
2. â“ InformaÃ§Ãµes sobre o novo CoronavÃ­rus (COVID-19) 
3. ğŸ’› Cuidados com a SaÃºde Mental
4. Outros",chatbot
Diga lÃ¡! Te ajudo com o que?,chatbot
Colabore! NÃ£o divulgue conteÃºdos que nÃ£o tenham sido produzidos por fontes confiÃ¡veis e nÃ£o espalhe fake news.,chatbot
Qual o seu primeiro nome?,chatbot
Oba! Qual curso do seu interesse?,chatbot
"Do que vocÃª precisa agora?

1. Atendimento e orientaÃ§Ã£o sobre o novo CoronavÃ­rus (COVID-19)
2. InformaÃ§Ãµes sobre o novo CoronavÃ­rus (COVID-19)
3. Outros",chatbot
"Tudo bem. Mas nÃ£o hÃ¡ nenhuma estimativa ou vocÃª acredita que nÃ£o Ã© um nÃºmero grande?

<b>A</b> - NÃ£o sei responder.
<b>B</b> - NÃ£o Ã© um nÃºmero grande.",chatbot
Qual o seu primeiro nome?,chatbot
"Estou te encaminhando para um atendente aguarde, entraremos em contato.",chatbot
Quantos anos vocÃª tem?,chatbot
"Oi, vocÃª gostaria de tirar alguma dÃºvida sobre os temas a seguir?",chatbot
"VocÃª estÃ¡ com algum desses outros sintomas? ğŸ˜·

1. Falta de ar
2. Mal-estar intenso
3. Tosse incontrolÃ¡vel
4. Alargamento das narinas durante a respiraÃ§Ã£o (para crianÃ§as)
5. Febre acima de 38Â°C persistente por mais de 48h
6. ConfusÃ£o mental 

Digite os nÃºmeros dos sintomas separados por vÃ­rgula (exemplo: 2, 5) ou digite *NÃƒO* se nÃ£o tiver apresentado nenhum dos sintomas descritos acima.",chatbot
Deixa eu te localizar aqui... Me diz qual Ã© o seu e-mail cadastrado.,chatbot
Nesse caso clique em voltar pela seta do seu celular,chatbot
"Fique tranquilo(a), aqui vocÃª tira dÃºvidas e recebe orientaÃ§Ãµes sobre o novo CoronavÃ­rus.",chatbot
vocÃª gostaria de tirar alguma dÃºvida sobre os temas a seguir?,chatbot
"Qual a sua data de nascimento?

Por favor, insira uma data no formato dd/mm/aaaa.",chatbot
"Estou encerrando o atendimento aqui, tudo bem? Se precisar de mais alguma coisa Ã© sÃ³ me chamar aqui de novo!",chatbot
"Vamos direcionÃ¡-lo(a) para nossa equipe de saÃºde.

Clique no ğŸ“ ou no â•, selecione ""LocalizaÃ§Ã£o"" e depois ""LocalizaÃ§Ã£o fixa"".

Ao compartilhar sua localizaÃ§Ã£o, vocÃª ajuda o Governo a te proteger e proteger os outros.

Caso nÃ£o deseje compartilhar, digite ""NÃ£o"".",chatbot
Qual o seu primeiro nome?,chatbot
Qual o seu primeiro nome?,chatbot
"Seu atendimento foi encerrado porque vocÃª nÃ£o nos enviou mais mensagens. Caso queira iniciar um novo atendimento digite ""Iniciar"".",chatbot
"Consegui entender que vocÃª quer saber mais sobre mitos. O que vocÃª gostaria de saber?

1. Os animais de estimaÃ§Ã£o podem espalhar o novo CoronavÃ­rus?
2. Quais as pessoas mais afetadas pelo novo CoronavÃ­rus?
3. Os antibiÃ³ticos sÃ£o eficazes na prevenÃ§Ã£o e no tratamento do novo CoronavÃ­rus?
4. Posso tomar algum remÃ©dio para prevenir ou tratar novo CoronavÃ­rus?
5. Quanto tempo o novo CoronavÃ­rus sobrevive em superfÃ­cies?
6. O novo CoronavÃ­rus pode matar?
7. HÃ¡ restriÃ§Ãµes para comprar mercadorias vindas de paÃ­ses com casos confirmados da doenÃ§a?",chatbot
Conto com a sua paciÃªncia! Logo alguÃ©m do meu time vai continuar a conversa. VocÃª estÃ¡ em 1 Âº lugar na fila.,chatbot
"VocÃª estÃ¡ com algum desses outros sintomas? ğŸ˜·

Selecione uma ou mais das opÃ§Ãµes abaixo ou digite *NÃƒO* se nÃ£o tiver apresentado nenhum dos sintomas descritos.",chatbot
Consegui te ajudar?,chatbot
"Do que vocÃª precisa agora?

1. ğŸ‘©â€âš•ï¸ Atendimento online sobre o novo CoronavÃ­rus (COVID-19) 
2. â“ InformaÃ§Ãµes sobre o novo CoronavÃ­rus (COVID-19) 
3. ğŸ’› OrientaÃ§Ãµes sobre cuidados com a SaÃºde Mental
4. Outros",chatbot
Olha sÃ³!,chatbot
"AlÃ©m de vocÃª, quantas pessoas moram na sua casa? ğŸ ",chatbot
Qual seu nome completo?,chatbot
Quer conhecer um pouquinho mais sobre os meus produtos?,chatbot
"Estou encerrando o chat por falta de comunicaÃ§Ã£o. Mas nÃ£o deixe de tirar sua dÃºvida, retorne o contato que teremos o maior prazer em te ajudar!",chatbot
"Do que vocÃª precisa agora?

1. Atendimento e orientaÃ§Ã£o sobre o novo CoronavÃ­rus (COVID-19)
2. InformaÃ§Ãµes sobre o novo CoronavÃ­rus (COVID-19)
3. Outros",chatbot
Qual o seu primeiro nome?,chatbot
Diga lÃ¡! Te ajudo com o que?,chatbot
Enquanto isso posso perguntar um pouco mais sobre vocÃª?,chatbot
VocÃª prefere fazer direto pelo site ou fazer direto por aqui?,chatbot
Qual o seu primeiro nome?,chatbot
"Enquanto isso, gostaria de saber um pouco mais sobre vocÃª.",chatbot
Qual o seu primeiro nome?,chatbot
Qual o seu primeiro nome?,chatbot
"â“ Caso queira saber sua posiÃ§Ã£o na fila, digite ""posiÃ§Ã£o"".",chatbot
Vamos te ajudar a resolver essa situaÃ§Ã£o. ğŸ˜‰,chatbot
Qual o seu primeiro nome?,chatbot
"Certo. E a febre, nÃ£o apresenta mais?",chatbot
Estou verificando no meu sistema,chatbot
"AtÃ© o momento, nÃ£o hÃ¡ vacina nem medicamento para prevenir ou tratar o novo CoronavÃ­rus (COVID-19). As pessoas afetadas devem receber cuidados gerais, e aquelas com doenÃ§as graves devem procurar atendimento de saÃºde.",chatbot
Qual o seu primeiro nome?,chatbot
"Pra adiantar, vou precisar que vocÃª me fale qual Ã© o seu e-mail!",chatbot
"Consegui entender que vocÃª quer saber mais sobre riscos. O que vocÃª gostaria de saber?

1. Como essa doenÃ§a se apresenta?
2. Como essa doenÃ§a se espalha?
3. Essa doenÃ§a Ã© transmitida pelo ar?
4. Devo me preocupar com essa doenÃ§a?
5. Quem Ã© grupo de risco?",chatbot
"Qual o seu estado?
Exemplo: CearÃ¡ ou CE",chatbot
"Este Ã© um canal exclusivo para orientar a populaÃ§Ã£o sobre o novo CoronavÃ­rus (COVID-19).

ğŸ“ Para denunciar descumprimento a determinaÃ§Ãµes do Governo no enfrentamento ao novo CoronavÃ­rus, ligue 190. 

ğŸ“ Para outras informaÃ§Ãµes, fale com a Central de Atendimento da Ouvidoria pelo 155.",chatbot
EntÃ£o vamos tentar de novo! Como vocÃª prefere que eu te chame?,chatbot
"Desculpe, nÃ£o entendi sua dÃºvida. Do que vocÃª precisa agora?

1. Atendimento online sobre o novo CoronavÃ­rus (COVID-19)
2. InformaÃ§Ãµes sobre o novo CoronavÃ­rus (COVID-19)
3. Outros",chatbot
AtÃ© a prÃ³xima!,chatbot
VocÃª estÃ¡ em isolamento domiciliar?,chatbot
"VocÃª estÃ¡ com algum desses outros sintomas? ğŸ˜·

1. Falta de ar
2. Mal-estar intenso
3. Tosse incontrolÃ¡vel
4. Batimento das narinas durante a respiraÃ§Ã£o (para crianÃ§as)
5. Febre acima de 38Â°C persistente por mais de 48h
6. ConfusÃ£o mental 
7. Perda de olfato e/ou paladar

Digite os nÃºmeros dos sintomas separados por vÃ­rgula (exemplo: 2, 5) ou digite *NÃƒO* se nÃ£o tiver apresentado nenhum dos sintomas descritos acima.",chatbot
"Consegui entender que vocÃª quer saber mais sobre proteÃ§Ã£o e prevenÃ§Ã£o. O que vocÃª gostaria de saber?

1. Quais as principais medidas de prevenÃ§Ã£o?
2. Devo usar mÃ¡scara?
3. Como deve ser a minha mÃ¡scara caseira?
4. Posso usar minha mÃ¡scara caseira mais de uma vez?
5. Como lavar as mÃ£os da maneira certa?
6. Como os profissionais de saÃºde podem se proteger do novo CoronavÃ­rus (COVID-19)?
7. Voltar para o menu principal",chatbot
"Quer fazer outra pergunta? (responda com *Sim* ou *NÃ£o*, por favor).",chatbot
Vou verificar isso pra vocÃª,chatbot
"Chatbot suspenso.
Por favor, procure seu administrador.",chatbot
"Seu atendimento foi finalizado. ğ—¦ğ—² ğ—½ğ—¿ğ—²ğ—°ğ—¶ğ˜€ğ—®ğ—¿ ğ—±ğ—² ğ—ºğ—®ğ—¶ğ˜€ ğ—®ğ—¹ğ—´ğ˜‚ğ—ºğ—® ğ—®ğ—·ğ˜‚ğ—±ğ—®, ğ—²Ì ğ˜€ğ—¼Ì ğ—³ğ—®ğ—¹ğ—®ğ—¿ ğ—°ğ—¼ğ—ºğ—¶ğ—´ğ—¼.",chatbot
"Caso vocÃª comece a sentir algum sintoma e ele se agrave, procure um serviÃ§o de saÃºde prÃ³ximo a vocÃª.",chatbot
Qual o seu primeiro nome?,chatbot
Como posso ajudar?,chatbot
"OlÃ¡! Farei seu atendimento hoje, como posso te ajudar?",chatbot
Um minutinho que jÃ¡ jÃ¡ alguÃ©m do nosso time vai falar com vocÃª!,chatbot
VocÃª teve febre recentemente? Ou vocÃª acha que estÃ¡ com febre?,chatbot
Obrigado por informar!,chatbot
Qual o seu primeiro nome?,chatbot
Qualquer dÃºvida estaremos Ã  disposiÃ§Ã£o!,chatbot
"Enquanto isso, gostaria de saber um pouco mais sobre vocÃª.",chatbot
A conversa serÃ¡ finalizada por falta de interaÃ§Ã£o,chatbot
Qual o seu primeiro nome?,chatbot
"Do que vocÃª precisa agora?

1. Atendimento online sobre o novo CoronavÃ­rus (COVID-19)
2. InformaÃ§Ãµes sobre o novo CoronavÃ­rus (COVID-19)
3. Outros",chatbot
"Do que vocÃª precisa agora? (Digite o nÃºmero da opÃ§Ã£o desejada)

1. ğŸ‘©â€âš•ï¸ Atendimento online sobre o novo CoronavÃ­rus (COVID-19) 
2. â“ InformaÃ§Ãµes sobre o novo CoronavÃ­rus (COVID-19) 
3. ğŸ’› OrientaÃ§Ãµes sobre cuidados com a SaÃºde Mental
4. Outros",chatbot
"Do que vocÃª precisa agora? (Digite o nÃºmero da opÃ§Ã£o desejada)

1. ğŸ‘©â€âš•ï¸ Atendimento online sobre o novo CoronavÃ­rus (COVID-19) 
2. â“ InformaÃ§Ãµes sobre o novo CoronavÃ­rus (COVID-19) 
3. ğŸ’› Cuidados com a SaÃºde Mental
4. Outros",chatbot
"Mas me conta, como eu posso te chamar?",chatbot
"Do que vocÃª precisa agora? (Digite o nÃºmero da opÃ§Ã£o desejada)

1. ğŸ‘©â€âš•ï¸ Atendimento online sobre o novo CoronavÃ­rus (COVID-19) 
2. â“ InformaÃ§Ãµes sobre o novo CoronavÃ­rus (COVID-19) 
3. ğŸ’› OrientaÃ§Ãµes sobre cuidados com a SaÃºde Mental
4. Outros",chatbot
"Desculpe, nÃ£o entendi sua dÃºvida. Do que vocÃª precisa agora? (Digite o nÃºmero da opÃ§Ã£o desejada)
 
1. Atendimento e orientaÃ§Ã£o sobre o novo CoronavÃ­rus (COVID-19)
2. InformaÃ§Ãµes sobre o novo CoronavÃ­rus (COVID-19)
3. Outros",chatbot
Qual o seu primeiro nome?,chatbot
"Certo! Antes de encerrar peÃ§o 1 minutinho para que vocÃª avalie o meu atendimento (digite um nÃºmero de 1 a 10), sendo:

1. Odiei. ğŸ˜” >>> 10. Amei! ğŸ¤©",chatbot
"CPF invÃ¡lido! Por favor, me informe um CPF vÃ¡lido com o formato: 000.000.000-00 ou 00000000000.",chatbot
"Desculpe, nÃ£o entendi sua dÃºvida. Digite o nÃºmero, por favor.

1. Quero saber mais sobre o novo CoronavÃ­rus.
2. Quero saber se posso estar com o novo CoronavÃ­rus.
3. Outros",chatbot
"Poxa, acho que vocÃª estÃ¡ um pouco ocupado, mas vamos lÃ¡ Ã© a sua chance de mudar de vida e ter a graduaÃ§Ã£o que tanto deseja.",chatbot
"Prazer, OlÃ¡!",chatbot
Qual o seu nome?,chatbot
Qual o seu primeiro nome?,chatbot
"Certo! Antes de encerrar peÃ§o 1 minutinho para que vocÃª avalie o meu atendimento (digite um nÃºmero de 1 a 10), sendo:

1. Odiei. ğŸ˜” >>> 10. Amei! ğŸ¤©",chatbot
ğŸ˜‰,chatbot
"Bom, espero que eu tenha ajudado. AtÃ© breve! ğŸ˜‰
",chatbot
Um minutinho que jÃ¡ jÃ¡ alguÃ©m do nosso time vai falar com vocÃª!,chatbot
Qual o seu primeiro nome?,chatbot
Pera sÃ³ um instante. To consultando o meu time de atendimento para ter a informaÃ§Ã£o mais atualizada sobre o seu pedido para vocÃª.,chatbot
Quer fazer outra pergunta?,chatbot
Quer fazer outra pergunta?,chatbot
"Desculpe, nÃ£o entendi sua dÃºvida. Do que vocÃª precisa agora?",chatbot
Obrigado por informar!,chatbot
Quer fazer outra pergunta?,chatbot
Qual o seu primeiro nome?,chatbot
Qual o seu primeiro nome?,chatbot
Deixa eu te localizar aqui... Me diz qual Ã© o seu e-mail cadastrado.,chatbot
Qual o seu primeiro nome?,chatbot
"CPF invÃ¡lido! Por favor, me informe um CPF vÃ¡lido com o formato abaixo:
Exemplo: 000.000.000-00 ou 00000000000:",chatbot
Fique em casa. Assim vocÃª pode reduzir suas chances de ser infectado ou espalhar o vÃ­rus para pessoas do grupo de risco.,chatbot
Colabore! NÃ£o divulgue conteÃºdos que nÃ£o tenham sido produzidos por fontes confiÃ¡veis e nÃ£o espalhe fake news.,chatbot
"VocÃª estÃ¡ com algum desses outros sintomas?
 1. Febre
 2. Tosse
 3. Nariz escorrendo
 4. Dor de cabeÃ§a
 5. Dor de garganta
 6. Dores pelo corpo
 7. Diarreia
 8. Nenhum dos sintomas acima
 
Digite os nÃºmeros dos sintomas separados por vÃ­rgula (exemplo: 2, 5, 7) ou digite 8 se nÃ£o estiver com os sintomas descritos acima.",chatbot
*Obrigado. Em alguns minutos iremos atendÃª-lo. PermaneÃ§a com a conversa aberta.*,chatbot
Nos prÃ³ximos instantes alguÃ©m do meu time vai te atender! VocÃª estÃ¡ em 27 Âº lugar na fila.,chatbot
Obrigado por informar!,chatbot
Quer fazer outra pergunta?,chatbot
Como posso te ajudar?,chatbot
Um minutinho que jÃ¡ jÃ¡ alguÃ©m do nosso time vai falar com vocÃª!,chatbot
"Grande abraÃ§o e pode contar com o nosso time sempre que precisar!
Uma Ã³tima semana  para vocÃª e foi um super prazer te atender!",chatbot
"Eu entendi que vocÃª estÃ¡ querendo falar sobre link de pagamento, estÃ¡ certo?",chatbot
Exemplo,humano
4,humano
e ta com os sintomas,humano
2,humano
NÃƒO,humano
2,humano
Sim,humano
Preciso dos comprovantes de transferÃªncia do mÃªs,humano
Ainda nÃ£o vou abrir,humano
start,humano
"Febre, Tosse",humano
Tosse e febre nÃ£o tenho desde ontem,humano
voce vai saber,humano
Quero fazer minha autoavaliaÃ§Ã£o,humano
"1 , 3 ,4 ,5 ,6",humano
Sim,humano
Qual o tratamento? ğŸš‘,humano
03/12/1955,humano
Outra,humano
Ta bom,humano
Sim sim,humano
Sim,humano
Bom tem como  receber  na HORA,humano
Sim,humano
CabeÃ§a doendo e calafrios,humano
TrajetÃ³ria,humano
start,humano
"Obrigada, me ajude por favor.",humano
start,humano
Fiz hoje meu cadastro,humano
Como funciona entrada?,humano
Boa noite,humano
sim,humano
16/01/1979,humano
Msm coisa,humano
Sim,humano
oi,humano
start,humano
start,humano
Ã‰,humano
Sim,humano
Sau,humano
Sim,humano
4,humano
tem algum exercÃ­cio que eu possa fazer pra melhorar a respiraÃ§Ã£o?,humano
Perfeito,humano
start,humano
Ta bem,humano
Sim,humano
Isso,humano
NÃ£o,humano
Sim,humano
start,humano
NÃ£o,humano
Pode ter risco mesmo assim,humano
Sim,humano
Sim,humano
Essa taxa de adesÃ£o Ã© quanto?,humano
por email,humano
10,humano
start,humano
Oi,humano
Outros,humano
Quando faÃ§o algum movimento rÃ¡pido,humano
Quero saber quanto vocÃªs cobra de juros,humano
Quero saber o valor,humano
start,humano
Ok,humano
1,humano
Corretamente,humano
Sim,humano
7,humano
2,humano
OlÃ¡,humano
Gostaria de cancelar minha conta,humano
Como saber que a pessoa estÃ¡ curada do Corona vÃ­rus?,humano
9,humano
Pronto para morar,humano
1,humano
"2,3,2005",humano
Sim,humano
7,humano
Estou com suspeita de COVID-19,humano
start,humano
Ok,humano
start,humano
Oi ?,humano
Quero fazer minha autoavaliaÃ§Ã£o,humano
Homem,humano
start,humano
sim,humano
tosse seca,humano
Nao,humano
Sim,humano
start,humano
NÃ£o tÃ´ conseguindo fazer nenhuma transiÃ§Ã£o,humano
TÃ¡ bom entÃ£o obrigado,humano
start,humano
start,humano
start,humano
start,humano
2,humano
2. Quem sÃ£o mais afetados?,humano
start,humano
.,humano
SÃ³ um pouquinho que vou testar,humano
start,humano
start,humano
Nenhum desses problemas,humano
start,humano
Obrigado!,humano
??,humano
Uma,humano
oi,humano
start,humano
nao,humano
sÃ³ dipirona,humano
Vc teria para passar,humano
start,humano
Outros,humano
start,humano
NÃ£o,humano
start,humano
start,humano
Eu jÃ¡ tenho uma de vocÃªs,humano
Homem,humano
1,humano
Bom dia,humano
start,humano
Boa noite,humano
Sim,humano
start,humano
Oi,humano
2,humano
1,humano
NÃ£o,humano
6,humano
Qual a paca de adesÃ£o?,humano
start,humano
"4,6",humano
NÃ£o,humano
Ok,humano
Ok,humano
start,humano
Falta de ar,humano
Nem uma mais nÃ£o,humano
start,humano
start,humano
1,humano
Sim,humano
start,humano
SÃ³ q a febre sÃ³ de 37,humano
Vou tentar novamente,humano
2,humano
Homem,humano
4.,humano
JÃ¡ ia tarde,humano
Mulher,humano
start,humano
JÃ¡ tenho,humano
Muito prazer,humano
Sim,humano
Outros,humano
Tem mais ou menos uns quatro dias. Tenho problemas com alergia mas nÃ£o estou em tratamento atualmente.,humano
Obrigado,humano
start,humano
start,humano
oi,humano
1,humano
Acessar o q!,humano
Sim,humano
ele atrasso,humano
start,humano
3,humano
Ok,humano
start,humano
Fortaleza,humano
Eu jÃ¡ tinha recebido a mensagem falando que seria entrega dia 08,humano
Se fosse pra saber,humano
start,humano
NÃ£o,humano
Nariz nÃ£o esta escorrendo,humano
start,humano
Ok obrigado,humano
bom dia,humano
start,humano
Mitos e verdades sobre a doenÃ§a â‰ï¸,humano
centro,humano
Uma feliz PÃ¡scoa pra vc e toda sua famÃ­lia,humano
Isso,humano
Somente*,humano
Sim,humano
start,humano
start,humano
start,humano
start,humano
28,humano
Acho que esse,humano
start,humano
Carla,humano
2,humano
Estou tomando antigripal e nimesulida,humano
Tento,humano
Sim,humano
start,humano
1,humano
Sim,humano
Boa noite,humano
tenho chance de ter pego?,humano
Tudo em ordem ?,humano
NÃ£o  eu nÃ£o  vc comsegue,humano
TÃ¡ certo,humano
start,humano
NÃ£o,humano
Hahahahahsh,humano
Outros,humano
2,humano
start,humano
start,humano
Entendi,humano
start,humano
Sim,humano
start,humano
E dia 13 me falou do q tava sentindo,humano
Obrigado,humano
5,humano
Qual o valor,humano
4,humano
Sim,humano
Sim,humano
JÃ³ia,humano
start,humano
Diabetes,humano
start,humano
start,humano
start,humano
start,humano
4,humano
InformaÃ§Ãµes sobre o novo CoronavÃ­rus,humano
start,humano
start,humano
Quer  q eu o faÃ§a?,humano
Vc vai encerrar o contato ou posso aguardar para continuar conversando com vc,humano
start,humano
"Dor de cabeÃ§a, Febre, Dor de garganta",humano
sem problema,humano
1,humano
"38,2Â°",humano
start,humano
Mudei aqui,humano
Ok,humano
Outros,humano
Prazo para recebimento,humano
000.000.000.00,humano
Uma crise renal,humano
Certo,humano
Nao,humano
start,humano
boa noite,humano
?,humano
start,humano
Sim,humano
Tchau,humano
Nao,humano
start,humano
Pelo que entendi ele comeÃ§ou a carregar,humano
start,humano
Boa noite,humano
4,humano
CearÃ¡,humano
1,humano
Sim,humano
TÃ¡ certo,humano
Oi,humano
NÃƒO,humano
Sim,humano
Oi,humano
1,humano
start,humano
start,humano
Sim,humano
Sim,humano
start,humano
ok. Obrigada!,humano
Homem,humano
Eu nÃ£o tenho mais o envelope,humano
aqui em casa somos 4,humano
22,humano
2,humano
1,humano
Vi a opÃ§Ã£o depois,humano
Vc jÃ¡ enviou o email?,humano
NÃ£o,humano
start,humano
start,humano
start,humano
Ok,humano
start,humano
NÃ£o.,humano
1,humano
TransferÃªncia,humano
Quero fazer minha autoavaliaÃ§Ã£o,humano
Ola,humano
Sim,humano
Sim,humano
2,humano
â“ InformaÃ§Ãµes sobre o novo CoronavÃ­rus (COVID-19),humano
SÃ³ 60,humano
"Ah, me desculpe, pensei que era para agendamento ",humano
start,humano
Idosa,humano
ğŸ˜,humano
vamos la,humano
Essa Ã© Pessoa fÃ­sica,humano
Sim jÃ¡ vou imprimir e vou lÃ¡  pra assinar obrigado,humano
Corona vÃ­rus,humano
start,humano
Sim,humano
start,humano
sim,humano
Sim,humano
Sim,humano
NÃ£o,humano
start,humano
Diferentes lugares,humano
start,humano
ok,humano
Brigada,humano
Eeiiii,humano
start,humano
Sim,humano
JÃ¡ falei enfermagem,humano
start,humano
10,humano
7,humano
NÃ£o tenho,humano
Oi,humano
Qual nÃºmero que liga,humano
3,humano
Ensino mÃ©dio completo,humano
Deu certo ?,humano
4,humano
start,humano
nÃ£o tenho ainda,humano
Tbm,humano
OlÃ¡,humano
2,humano
start,humano
start,humano
Thanks,humano
NÃ£o. SÃ³ isso mesmo,humano
start,humano
Ola,humano
nao,humano
10,humano
Configurar,humano
Sim,humano
start,humano
6,humano
Sim,humano
start,humano
1,humano
Como tenho acesso a serviÃ§os de saÃºde mental durante a pandemia?,humano
start,humano
EntÃ£o muito obrigado,humano
Hoje Ã© horÃ¡rio de feriado,humano
Bom dia,humano
TÃ¡ dando erro,humano
start,humano
Pra vc tbm,humano
Oi,humano
Hoje faz nove dias dos sintomas,humano
Encerrar atendimento âŒ,humano
Oi,humano
Sim,humano
Sim,humano
No chip,humano
start,humano
Onde fazer o teste pra saber se ja foi contaminda,humano
1,humano
Outros,humano
Perguntei a vizinhos,humano
Ok,humano
start,humano
quanto vai terminar o islamento e volta ao rotina normal,humano
"Sim,",humano
Boa noite,humano
Ok,humano
15,humano
NÃ© casa loterica recebe,humano
start,humano
Masculino,humano
Obrigado,humano
1,humano
start,humano
start,humano
"E a questÃ£o do juros por parcela, poderia me explicar melhor por favor?",humano
"Febre, Tosse, Dores no corpo, Diarreia",humano
7,humano
start,humano
Chegar com quantos dias,humano
Outros,humano
App,humano
Homem,humano
1 semana,humano
NÃ£o,humano
bem,humano
NÃ£o,humano
Outros,humano
start,humano
Boa tarde,humano
start,humano
start,humano
21 de setembro,humano
Boa noite,humano
Ja tomei a pouco,humano
start,humano
Sim,humano
"Estou a uma semana com febre que vai e volta , minha tosse voltou , estou a uns dias sem olfato e paladar e com muita dor na regiÃ£o das costas prÃ³ximo as rins , nÃ¡useas e vÃ´mitos ",humano
Oi,humano
"Falta de ar, Febre acima de 38Â°C persistente por mais de 48h",humano
start,humano
minha mulher sentiu sensaÃ§Ã£o de febre,humano
start,humano
ok,humano
start,humano
start,humano
5,humano
start,humano
NÃƒO,humano
Sim,humano
start,humano
No dÃ©bito passa,humano
start,humano
1. Como se apresenta?,humano
start,humano
Bom dia,humano
NÃ£o,humano
start,humano
A nota passo p pessoa,humano
Pra continuar o caso,humano
7,humano
boa tarde,humano
start,humano
oi,humano
7,humano
Mais a gente tambÃ©m precisa ficar isolada nÃ£o Ã©?,humano
2,humano
Sim,humano
Problemas respiratÃ³rios,humano
E ela nÃ£o estÃ¡ lendo,humano
A outra,humano
start,humano
start,humano
"Desde sexta, hj eh o primeiro dia q n tenho febre ğŸ™ŒğŸ¼",humano
Quero informaÃ§Ãµes,humano
NÃ£o,humano
Ok,humano
Mas tÃ¡ menos do que ontem,humano
Isso,humano
start,humano
NÃ£o,humano
Meu caso Ã© apenas pressÃ£o alta,humano
start,humano
Sim,humano
Como funciona,humano
Sim,humano
Sim,humano
oi,humano
era bom de uma vez,humano
Sim,humano
start,humano
NÃ£o tem um q nÃ£o seja 0800?,humano
Mulher,humano
ï½œ,humano
A retirada Ã© feita com transferÃªncia?,humano
marcio,humano
start,humano
ok,humano
start,humano
Ok,humano
start,humano
start,humano
Ok,humano
Venda,humano
NÃ£o,humano
"Sim, tudo bem?",humano
Mal estar intenso,humano
Nao,humano
NÃ£o,humano
start,humano
NÃ£o,humano
start,humano
VocÃª bloqueou a sua localizaÃ§Ã£o.,humano
Sim aparece,humano
ComeÃ§ar,humano
Bom dia,humano
NÃ£o,humano
nenhuma alternativa,humano
start,humano
HÃ¡ dias apresento sintomas de asma um desconforto na garganta.Na maioria das vezes russo.DÃ³i meu peito.Sou alÃ©rgica.Tem algo a ver ou devo procurar o serviÃ§o de saÃºde?,humano
NÃ£o,humano
Boleto em 12 vezes,humano
SÃ©rio,humano
Para trayamento nao,humano
Entendi,humano
start,humano
NÃ£o,humano
"OlÃ¡, bom dia",humano
start,humano
10,humano
1,humano
start,humano
Dor no corpo,humano
Ok,humano
Boa tarde,humano
NÃ£o,humano
start,humano
SÃ³ isso mesmo,humano
Estou indo trabalhar e onde eu trabalho teve pessoas com suspeita,humano
Se eu vou ter o dinheiro de volta,humano
start,humano
Sim,humano
Boa noite,humano
Mandei novamente,humano
start,humano
2,humano
N,humano
â“ InformaÃ§Ãµes sobre o novo CoronavÃ­rus (COVID-19),humano
Certo,humano
start,humano
start,humano
start,humano
start,humano
??,humano
1,humano
Sim,humano
Baixei o app nao consigo cadrasta para ver saldo,humano
Por isso estou achando estranho,humano
start,humano
start,humano
start,humano
JÃ¡ consegui obg,humano
SÃ³ com esses sintomas Ã© possÃ­vel,humano
Tudo bem,humano
Ok,humano
2,humano
1 - Empreendimentos,humano
start,humano
start,humano
start,humano
start,humano
NÃ£o,humano
5,humano
Sim,humano
start,humano
3,humano
Nem imagino,humano
Ok,humano
10,humano
start,humano
start,humano
NÃ£o,humano
start,humano
Pelo o atendimento,humano
Uhum.,humano
Sim,humano
Ok,humano
2,humano
Blz,humano
NÃ£o,humano
2,humano
start,humano
Ola,humano
Codigo de erro 70,humano
"Sentir uma crise de tosse durante a madruga, porÃ©m nÃ£o sentir febre, cansaÃ§o, estou sentindo gosto de tudo",humano
Para fazer,humano
2,humano
1,humano
start,humano
33,humano
2,humano
Desconforto nasal,humano
OlÃ¡i,humano
Pois o cartÃ£o jÃ¡ chegou,humano
start,humano
Nenhum desses sintomas,humano
8,humano
NÃ£o,humano
start,humano
1. Quais as medidas de proteÃ§Ã£o?,humano
Nao,humano
Nao,humano
E uma dor mais queimacao no lado direito da barriga,humano
Mais vou tentar,humano
Mitos e verdades sobre a doenÃ§a â‰ï¸,humano
Ou,humano
start,humano
start,humano
Oi Ernesto boa tarde,humano
start,humano
start,humano
Marina,humano
start,humano
7,humano
NÃ£o,humano
Apareceu isso,humano
5,humano
Sim,humano
start,humano
start,humano
start,humano
Perila,humano
sim,humano
1,humano
Oi,humano
Sim,humano
Faz muito tempo,humano
start,humano
1,humano
Beleza,humano
start,humano
Qero.or.cartao,humano
Erica,humano
8,humano
Mas tive que tirar essa duvida pq nunca se sabe..,humano
start,humano
Oi,humano
start,humano
Deve tomar essas medicaÃ§Ãµes ou suspende e procura uma UPA?,humano
3,humano
Ela vai e volta,humano
10 Amei,humano
O que Ã© o novo CoronavÃ­rus? ğŸ¦ ,humano
3,humano
PressÃ£o alta,humano
CE,humano
Obg,humano
Sim,humano
NÃ£o quero compartilhar minha localizaÃ§Ã£o,humano
Outros,humano
5,humano
Estou com febre,humano
start,humano
mais ou menos,humano
5,humano
Sim,humano
Muito obg,humano
Sim,humano
Bom dia,humano
start,humano
Devo me preocupar com essa doenÃ§a?,humano
AmanhÃ£ pela manhÃ£ faz 24 hrs,humano
sim,humano
start,humano
Hoje ela nÃ£o quer ir,humano
Boa tarde,humano
7,humano
NÃ£o estou doente,humano
start,humano
Dia 21,humano
Sim,humano
Acabei de abrir,humano
start,humano
Voltou jÃ¡ com esse sintoma.,humano
start,humano
Poriquanto nÃ£o,humano
Obrigado,humano
2,humano
oi,humano
6 em horas,humano
Sim,humano
start,humano
Quero fazer minha autoavaliaÃ§Ã£o,humano
NÃ£o,humano
7,humano
Nao caiu,humano
Ã© referente ao que,humano
Ok,humano
4,humano
NÃ£o,humano
Dipirona,humano
4,humano
start,humano
Nao foi so em uma,humano
2,humano
10,humano
vem,humano
1,humano
start,humano
Encerrar atendimento âŒ,humano
gastronomia,humano
start,humano
start,humano
Iane,humano
No momento sÃ³ a sensaÃ§Ã£o febriu,humano
Boa noite,humano
a onde vou para marcar agendamento?,humano
Quanto sai a vista,humano
Como me proteger?,humano
start,humano
"TÃ¡ bom, mais por via das dÃºvidas vou esperar",humano
NÃ£o,humano
"Febre, Diarreia, Dores no corpo",humano
start,humano
Entradas,humano
Nao,humano
start,humano
Em 4,humano
D nada,humano
ğŸ‘©â€âš•ï¸ Atendimento online sobre o novo CoronavÃ­rus (COVID-19),humano
Ola,humano
Sim,humano
Sim,humano
start,humano
start,humano
start,humano
ComeÃ§ar,humano
.,humano
Boa noite,humano
TerÃ§a,humano
start,humano
Chasback,humano
Eu falo com voces,humano
Ou e sÃ³ pra receber?,humano
Mulher,humano
"Oi sinto muita for de cabeÃ§a, nÃ£o sinto gosto nem cheiro de nada",humano
start,humano
E dor de cabeÃ§a leve,humano
Sim,humano
start,humano
mulher,humano
start,humano
Sim,humano
1,humano
start,humano
Oi,humano
Boa noite,humano
ğŸ‘©â€âš•ï¸ Atendimento online sobre o novo CoronavÃ­rus (COVID-19),humano
Sim,humano
Sim,humano
2. Quem sÃ£o mais afetados?,humano
Ola,humano
start,humano
start,humano
start,humano
start,humano
Aham,humano
Sim,humano
Qual Ã©,humano
VocÃªs recolhem?,humano
?,humano
ola boa tarde tudo bem,humano
start,humano
1,humano
start,humano
OlÃ¡ boa noite,humano
2,humano
start,humano
Sim,humano
start,humano
Erro 70,humano
start,humano
start,humano
start,humano
start,humano
start,humano
start,humano
Outros,humano
JÃ¡ sincronizou,humano
Daniel,humano
Tipo copo colher talheres essas coisas nÃ© isso,humano
Renho que pagar,humano
Nenhum desses problemas,humano
start,humano
start,humano
start,humano
ochi de novo,humano
Eu fico traquila ate o momento.pq nao tenho falta de ar e nem febre,humano
Eu acho que nÃ£o,humano
start,humano
start,humano
Ok,humano
start,humano
6,humano
NÃ£o,humano
Sim,humano
Alguns desapareceram,humano
NÃ£o,humano
td bem,humano
SerÃ¡ que por aqui resolve,humano
Ok,humano
start,humano
Horas,humano
start,humano
Obrigado  a equipe  tambÃ©m,humano
Sim,humano
Tudo bem,humano
Mal estar intenso,humano
Eu queria tirar uma dÃºvida,humano
ğŸ’› Cuidados com a SaÃºde Mental,humano
Ok,humano
4,humano
Quero ver a lista atualizada,humano
Ok,humano
Esse link estÃ¡  pedindo uma senha se eu  fiz cadastro p/zap,humano
start,humano
Sim,humano
Qual a orientaÃ§Ã£o que vc me dÃ¡?,humano
Desejo enviar uma,humano
start,humano
5,humano
Sim,humano
start,humano
start,humano
start,humano
Oi,humano
Fico no aguardo,humano
Obrigado  !,humano
De manhÃ£ das 8h Ã s 12h,humano
JÃ¡ tenho o cidigo,humano
Prefiro digitar meu CEP,humano
Efetuei o pagamento,humano
NÃ£o,humano
EntÃ£o o dinheiro volta hoje para o aplicativo,humano
NÃ£o,humano
Ok,humano
Ã‰ um bom medicamento?,humano
start,humano
Quase um mÃªs,humano
E eu dei o remedio a poucos minutos,humano
Traferencia,humano
NÃ£o,humano
Certo mais e aÃ­,humano
Tenho interesse. Pode me passar mais informaÃ§Ãµes?,humano
EstÃ¡,humano
start,humano
5,humano
Me ajude,humano
Tenho interesse,humano
NÃƒO,humano
Ok obrigado,humano
Sim,humano
10,humano
start,humano
1,humano
nÃ£o,humano
ah tÃ¡,humano
start,humano
38,humano
NÃ£o,humano
start,humano
2,humano
JÃ¡ consegui,humano
start,humano
Entendi,humano
start,humano
start,humano
2,humano
AÃ­ queria saber se Ã© a msm taxa,humano
OlÃ¡! Gostaria de ajuda.,humano
start,humano
Mulher,humano
Onde fica?,humano
start,humano
6. Voltar para o menu principal,humano
Se eu compra avista,humano
Nap,humano
NÃ£o,humano
start,humano
Continuo transmitindo?,humano
Por favor  mim atendao,humano
NÃ£o,humano
Isso,humano
"Agora estÃ¡, sÃ³ deu uma pausa durante um curto perÃ­odo da tarde. Sinto tb uma leve dor no peito",humano
Pode sim,humano
Mulher,humano
start,humano
start,humano
Quero fazer minha autoavaliaÃ§Ã£o,humano
"NÃ£o, nada",humano
Ok,humano
Ok,humano
Me informe todos por favor,humano
Empreendimentos,humano
Quem Ã© vocÃª,humano
"Coriza, Mal estar Geral, Dor de CabeÃ§a",humano
start,humano
2,humano
start,humano
O atendimento nÃ£o Ã© atÃ© as 20:00 horas,humano
Estou com sintomas de covid a 8 dias,humano
O que fazer quando sentir os sintomas? ğŸ¤§,humano
TÃ¡ bom entÃ£o vou ver,humano
Ok,humano
e agaora vou ao hospital  pois estou trabalhando e preciso de atestado,humano
Quando arroto da enjoo,humano
Sim,humano
Bom dia,humano
start,humano
OlÃ¡ boa noite,humano
Nao,humano
"Bom dia.
Estou com alguns dos sintomas do Covid 19, em especial a falta de ar que jÃ¡ dura vÃ¡rios dias. O que fazer?",humano
2,humano
Bom dia!,humano
Como sei isso?,humano
Nenhum desses problemas,humano
start,humano
start,humano
9,humano
ComeÃ§ar,humano
Posso fazer uma compra?,humano
qual estao desponivel,humano
Quando eu tusso da um aperto no meio dos peitos,humano
Usei nÃ£o,humano
7,humano
Nao,humano
NÃ£o,humano
Ela falou que todo dia sente,humano
horÃ¡rios,humano
14,humano
ComeÃ§ar,humano
start,humano
Ok no aguardo,humano
NÃ£o tem uns minutos,humano
Quero fazer minha autoavaliaÃ§Ã£o,humano
start,humano
sim,humano
Outros,humano
start,humano
Isso,humano
Sim,humano
"Bom dia! Estou com (tosse, diarrÃ©ia, dores insuportÃ¡veis no copo, sem paladare e olfato)",humano
"NÃ£o,  obrigada ",humano
start,humano
start,humano
ComeÃ§ar,humano
"Queria saber so saber se 
Tenho suspeita de covid 
Ou nÃ£o",humano
??,humano
Certo muito obrigada,humano
Ok,humano
Vinicius,humano
NÃ£o,humano
4,humano
Ok,humano
Boa noite,humano
SÃ¡bado febre e tosse,humano
start,humano
E agora?,humano
Estou aguardando,humano
NÃ£o,humano
Bom dia!,humano
Mitos e verdades sobre a doenÃ§a â‰ï¸,humano
Nao gostaria de passar,humano
Bom dia,humano
start,humano
X,humano
Problemas respiratÃ³rios,humano
start,humano
Isso,humano
e tbm nao to conseguindo enviar o comprovante de pagamento,humano
start,humano
start,humano
start,humano
start,humano
start,humano
estressado e ansioso,humano
Boa noite,humano
Ok,humano
NÃ£o,humano
1,humano
Entendi,humano
Boa tarde,humano
Obrigado,humano
7,humano
Sim,humano
start,humano
Sim,humano
start,humano
start,humano
start,humano
start,humano
casos por cidade,humano
AtÃ©,humano
start,humano
Vou fazer isso,humano
ruim hein,humano
renite alÃ©rgica e sinusite,humano
ComeÃ§ar,humano
ğŸ˜„,humano
nao,humano
10,humano
Sua,humano
Sim,humano
Preciso saber sobre esse credito,humano
Ma,humano
start,humano
NÃ£o,humano
start,humano
Sim,humano
start,humano
Sim,humano
7,humano
Certo,humano
OlÃ¡ bom dia,humano
start,humano
start,humano
start,humano
start,humano
Tevi em uma que a mulher falou que vai chega genÃ©rico daqui hÃ¡ 30 dias,humano
Tudo bem,humano
Como vai ser entÃ£o ?,humano
start,humano
4,humano
Otima noite,humano
Obrigada,humano
Ok,humano
42,humano
start,humano
Quais sÃ£o os riscos? ğŸ˜·,humano
Nao,humano
Ok,humano
